scheme,fold,half_width_um,position,w2v2_frozen,position+w2v2_frozen,chance
loso_allen,719161530_probeA,0.0,0.39215686274509803,0.8255299801079853,0.8721277351520319,0.3333333333333333
loso_allen,719161530_probeA,100.0,0.38431372549019605,0.8255299801079853,0.8705636544472861,0.3333333333333333
loso_allen,719161530_probeA,200.0,0.4235294117647059,0.8255299801079853,0.8664569479965898,0.3333333333333333
loso_allen,719161530_probeA,400.0,0.47254901960784307,0.8255299801079853,0.8640704745666383,0.3333333333333333
loso_allen,719161530_probeA,800.0,0.484313725490196,0.8255299801079853,0.8512658425689116,0.3333333333333333
loso_allen,719161530_probeA,1600.0,0.4551292980960501,0.8255299801079853,0.8405334612105712,0.3333333333333333
loso_allen,719161530_probeB,0.0,0.3703703703703704,0.8146055796055797,0.768963443963444,0.3333333333333333
loso_allen,719161530_probeB,100.0,0.3814814814814815,0.8146055796055797,0.7650666185666185,0.3333333333333333
loso_allen,719161530_probeB,200.0,0.3759259259259259,0.8146055796055797,0.7577092352092352,0.3333333333333333
loso_allen,719161530_probeB,400.0,0.46957671957671965,0.8146055796055797,0.8010579605579606,0.3333333333333333
loso_allen,719161530_probeB,800.0,0.5159451659451658,0.8146055796055797,0.7861767676767676,0.3333333333333333
loso_allen,719161530_probeB,1600.0,0.5390331890331891,0.8146055796055797,0.8207215007215007,0.3333333333333333
loso_allen,719161530_probeC,0.0,0.5,0.8772727272727273,0.8948051948051948,0.5
loso_allen,719161530_probeC,100.0,0.5357142857142858,0.8772727272727273,0.8945714285714287,0.5
loso_allen,719161530_probeC,200.0,0.5357142857142857,0.8772727272727273,0.8933636363636366,0.5
loso_allen,719161530_probeC,400.0,0.5785714285714285,0.8772727272727273,0.8816915584415584,0.5
loso_allen,719161530_probeC,800.0,0.7762987012987013,0.8772727272727273,0.9022987012987013,0.5
loso_allen,719161530_probeC,1600.0,0.6201298701298701,0.8772727272727273,0.8911948051948052,0.5
loso_allen,719161530_probeF,0.0,0.3333333333333333,0.767264705882353,0.7400588235294118,0.3333333333333333
loso_allen,719161530_probeF,100.0,0.33333333333333337,0.767264705882353,0.7358039215686275,0.3333333333333333
loso_allen,719161530_probeF,200.0,0.33333333333333337,0.767264705882353,0.7453333333333333,0.3333333333333333
loso_allen,719161530_probeF,400.0,0.33333333333333337,0.767264705882353,0.7578460784313725,0.3333333333333333
loso_allen,719161530_probeF,800.0,0.34725490196078435,0.767264705882353,0.7544676470588236,0.3333333333333333
loso_allen,719161530_probeF,1600.0,0.46754901960784306,0.767264705882353,0.7718754901960785,0.3333333333333333
loso_allen,798911424_probeA,0.0,0.8114035087719298,0.7011154970760233,0.7387704678362573,0.3333333333333333
loso_allen,798911424_probeA,100.0,0.8201023391812866,0.7011154970760233,0.7375059941520468,0.3333333333333333
loso_allen,798911424_probeA,200.0,0.8780701754385964,0.7011154970760233,0.738563596491228,0.3333333333333333
loso_allen,798911424_probeA,400.0,0.8023391812865496,0.7011154970760233,0.7331874269005848,0.3333333333333333
loso_allen,798911424_probeA,800.0,0.5949853801169591,0.7011154970760233,0.7215826023391813,0.3333333333333333
loso_allen,798911424_probeA,1600.0,0.45593567251461986,0.7011154970760233,0.711388888888889,0.3333333333333333
loso_allen,798911424_probeB,0.0,0.8431372549019608,0.7369578134284017,0.7959724697959992,0.3333333333333333
loso_allen,798911424_probeB,100.0,0.8242721330956625,0.7369578134284017,0.7963775995246584,0.3333333333333333
loso_allen,798911424_probeB,200.0,0.7949593979005745,0.7369578134284017,0.7961826104179045,0.3333333333333333
loso_allen,798911424_probeB,400.0,0.8021093285799168,0.7369578134284017,0.7827211328976035,0.3333333333333333
loso_allen,798911424_probeB,800.0,0.6226579520697167,0.7369578134284017,0.7609193899782136,0.3333333333333333
loso_allen,798911424_probeB,1600.0,0.4246187363834423,0.7369578134284017,0.7590966528025351,0.3333333333333333
loso_allen,798911424_probeC,0.0,0.717391304347826,0.6657246376811594,0.6344927536231884,0.5
loso_allen,798911424_probeC,100.0,0.691304347826087,0.6657246376811594,0.6308434782608695,0.5
loso_allen,798911424_probeC,200.0,0.708695652173913,0.6657246376811594,0.651723188405797,0.5
loso_allen,798911424_probeC,400.0,0.6791304347826086,0.6657246376811594,0.6290521739130435,0.5
loso_allen,798911424_probeC,800.0,0.4078260869565217,0.6657246376811594,0.6010376811594202,0.5
loso_allen,798911424_probeC,1600.0,0.6065217391304347,0.6657246376811594,0.6834782608695652,0.5
loso_allen,798911424_probeD,0.0,0.1217948717948718,0.5311367521367522,0.593982905982906,0.3333333333333333
loso_allen,798911424_probeD,100.0,0.13632478632478634,0.5311367521367522,0.5952384615384615,0.3333333333333333
loso_allen,798911424_probeD,200.0,0.10117521367521368,0.5311367521367522,0.5921051282051282,0.3333333333333333
loso_allen,798911424_probeD,400.0,0.14647435897435895,0.5311367521367522,0.5859553418803418,0.3333333333333333
loso_allen,798911424_probeD,800.0,0.26367521367521374,0.5311367521367522,0.5767634615384616,0.3333333333333333
loso_allen,798911424_probeD,1600.0,0.10683760683760683,0.5311367521367522,0.5600705128205128,0.3333333333333333
loso_allen,798911424_probeE,0.0,0.6333333333333333,0.5333478260869565,0.5549927536231883,0.3333333333333333
loso_allen,798911424_probeE,100.0,0.6183333333333334,0.5333478260869565,0.5539101449275362,0.3333333333333333
loso_allen,798911424_probeE,200.0,0.6206521739130435,0.5333478260869565,0.5549224637681158,0.3333333333333333
loso_allen,798911424_probeE,400.0,0.5478260869565219,0.5333478260869565,0.5506485507246377,0.3333333333333333
loso_allen,798911424_probeE,800.0,0.4294927536231884,0.5333478260869565,0.5503746376811594,0.3333333333333333
loso_allen,798911424_probeE,1600.0,0.28731884057971013,0.5333478260869565,0.537927536231884,0.3333333333333333
loso_allen,798911424_probeF,0.0,0.421875,0.5815798611111112,0.5765972222222222,0.25
loso_allen,798911424_probeF,100.0,0.4328125,0.5815798611111112,0.5814097222222222,0.25
loso_allen,798911424_probeF,200.0,0.4375,0.5815798611111112,0.5818229166666666,0.25
loso_allen,798911424_probeF,400.0,0.4197916666666666,0.5815798611111112,0.567861111111111,0.25
loso_allen,798911424_probeF,800.0,0.5223958333333333,0.5815798611111112,0.599109375,0.25
loso_allen,798911424_probeF,1600.0,0.3921875,0.5815798611111112,0.5858732638888889,0.25
loso_ibl,0802ced5_probe00,0.0,0.48917828319882617,0.5783204551012695,0.6264006314057671,0.25
loso_ibl,0802ced5_probe00,100.0,0.5219002201027145,0.5783204551012695,0.6374381389092688,0.25
loso_ibl,0802ced5_probe00,200.0,0.511573734409391,0.5783204551012695,0.6471177455034571,0.25
loso_ibl,0802ced5_probe00,400.0,0.43378576669112257,0.5783204551012695,0.6422488150025567,0.25
loso_ibl,0802ced5_probe00,800.0,0.5019497987949932,0.5783204551012695,0.6074441733920273,0.25
loso_ibl,0802ced5_probe00,1600.0,0.3958711287489717,0.5783204551012695,0.5926131694790902,0.25
loso_ibl,0802ced5_probe01,0.0,0.850048309178744,0.7465832427536231,0.8086420893719807,0.3333333333333333
loso_ibl,0802ced5_probe01,100.0,0.8693140096618357,0.7465832427536231,0.8076727264492755,0.3333333333333333
loso_ibl,0802ced5_probe01,200.0,0.8396714975845411,0.7465832427536231,0.8019478049516909,0.3333333333333333
loso_ibl,0802ced5_probe01,400.0,0.743335144927536,0.7465832427536231,0.7927067602657005,0.3333333333333333
loso_ibl,0802ced5_probe01,800.0,0.5270555555555555,0.7465832427536231,0.7594215579710144,0.3333333333333333
loso_ibl,0802ced5_probe01,1600.0,0.4233816425120773,0.7465832427536231,0.7509238345410628,0.3333333333333333
loso_ibl,0a018f12_probe00,0.0,0.8814102564102564,0.7336926957223567,0.9138502669646736,0.3333333333333333
loso_ibl,0a018f12_probe00,100.0,0.8927380952380952,0.7336926957223567,0.90408718569566,0.3333333333333333
loso_ibl,0a018f12_probe00,200.0,0.8406410256410256,0.7336926957223567,0.9048627227292482,0.3333333333333333
loso_ibl,0a018f12_probe00,400.0,0.7887136027813993,0.7336926957223567,0.8698737924504873,0.3333333333333333
loso_ibl,0a018f12_probe00,800.0,0.504581393183088,0.7336926957223567,0.7382736682808717,0.3333333333333333
loso_ibl,0a018f12_probe00,1600.0,0.48823911963742467,0.7336926957223567,0.7426357981002049,0.3333333333333333
loso_ibl,3638d102_probe01,0.0,0.8355555555555556,0.7586709677419355,0.8672996415770609,0.3333333333333333
loso_ibl,3638d102_probe01,100.0,0.7852329749103943,0.7586709677419355,0.8559495340501793,0.3333333333333333
loso_ibl,3638d102_probe01,200.0,0.8080501792114696,0.7586709677419355,0.8612491756272401,0.3333333333333333
loso_ibl,3638d102_probe01,400.0,0.6012616487455198,0.7586709677419355,0.807926523297491,0.3333333333333333
loso_ibl,3638d102_probe01,800.0,0.547146953405018,0.7586709677419355,0.7774863082437276,0.3333333333333333
loso_ibl,3638d102_probe01,1600.0,0.39194982078853047,0.7586709677419355,0.7657180645161291,0.3333333333333333
loso_ibl,54238fd6_probe00,0.0,0.6666666666666666,0.6282182511458827,0.664134710368263,0.25
loso_ibl,54238fd6_probe00,100.0,0.6312500000000001,0.6282182511458827,0.6548331826892683,0.25
loso_ibl,54238fd6_probe00,200.0,0.6119979354354353,0.6282182511458827,0.6514876743519835,0.25
loso_ibl,54238fd6_probe00,400.0,0.5381522147147147,0.6282182511458827,0.6438990635372214,0.25
loso_ibl,54238fd6_probe00,800.0,0.393878170934092,0.6282182511458827,0.6356052680970444,0.25
loso_ibl,54238fd6_probe00,1600.0,0.4605996621621622,0.6282182511458827,0.6368851697091829,0.25
loso_ibl,5dcee0eb_probe00,0.0,0.8666666666666667,0.6591885867242504,0.8340252378703017,0.3333333333333333
loso_ibl,5dcee0eb_probe00,100.0,0.8579967159277505,0.6591885867242504,0.8394907168724837,0.3333333333333333
loso_ibl,5dcee0eb_probe00,200.0,0.8028571428571428,0.6591885867242504,0.8181911150100097,0.3333333333333333
loso_ibl,5dcee0eb_probe00,400.0,0.6959574420226285,0.6591885867242504,0.7424996963357852,0.3333333333333333
loso_ibl,5dcee0eb_probe00,800.0,0.4115041500776031,0.6591885867242504,0.7278407089997077,0.3333333333333333
loso_ibl,5dcee0eb_probe00,1600.0,0.43675956542276806,0.6591885867242504,0.6680547900218188,0.3333333333333333
loso_ibl,d2832a38_probe00,0.0,0.6605937921727396,0.645123523954116,0.7082199940958165,0.25
loso_ibl,d2832a38_probe00,100.0,0.6663377192982456,0.645123523954116,0.707195813301282,0.25
loso_ibl,d2832a38_probe00,200.0,0.5779520917678812,0.645123523954116,0.7005207648026316,0.25
loso_ibl,d2832a38_probe00,400.0,0.5843359902159244,0.645123523954116,0.6843626939946018,0.25
loso_ibl,d2832a38_probe00,800.0,0.40007907388663966,0.645123523954116,0.6678462993421053,0.25
loso_ibl,d2832a38_probe00,1600.0,0.2738982371794872,0.645123523954116,0.6478058873144399,0.25
