scheme,fold,source,n_test,balanced_accuracy,raw_accuracy,majority,chance,ece
loso_allen,719161530_probeA,position,5200,0.39215686274509803,0.5,0.4423076923076923,0.3333333333333333,0.25252396681560924
loso_allen,719161530_probeA,bandpower_full,5200,0.6474211423699915,0.6434615384615384,0.4423076923076923,0.3333333333333333,0.060009706485224065
loso_allen,719161530_probeA,w2v2_frozen,5200,0.8255299801079853,0.816923076923077,0.4423076923076923,0.3333333333333333,0.04970485734566753
loso_allen,719161530_probeA,position+bandpower_full,5200,0.7450902244955954,0.7703846153846153,0.4423076923076923,0.3333333333333333,0.051619594924886485
loso_allen,719161530_probeA,position+w2v2_frozen,5200,0.8721277351520319,0.8725,0.4423076923076923,0.3333333333333333,0.03219147770096008
loso_allen,719161530_probeB,position,5400,0.3703703703703704,0.4444444444444444,0.4074074074074074,0.3333333333333333,0.3677285682373934
loso_allen,719161530_probeB,bandpower_full,5400,0.7397138047138047,0.7442592592592593,0.4074074074074074,0.3333333333333333,0.14059637348548631
loso_allen,719161530_probeB,w2v2_frozen,5400,0.8187205387205387,0.83,0.4074074074074074,0.3333333333333333,0.04009843301446177
loso_allen,719161530_probeB,position+bandpower_full,5400,0.6303439153439153,0.6746296296296296,0.4074074074074074,0.3333333333333333,0.1449558625185824
loso_allen,719161530_probeB,position+w2v2_frozen,5400,0.7722703222703222,0.7914814814814815,0.4074074074074074,0.3333333333333333,0.11638006959759262
loso_allen,719161530_probeC,position,2900,0.5,0.7586206896551724,0.7586206896551724,0.5,0.16634272805893274
loso_allen,719161530_probeC,bandpower_full,2900,0.6725324675324675,0.823103448275862,0.7586206896551724,0.5,0.12986496841711395
loso_allen,719161530_probeC,w2v2_frozen,2900,0.8716883116883116,0.916896551724138,0.7586206896551724,0.5,0.008084271913091925
loso_allen,719161530_probeC,position+bandpower_full,2900,0.6821428571428572,0.846551724137931,0.7586206896551724,0.5,0.049596538085430006
loso_allen,719161530_probeC,position+w2v2_frozen,2900,0.8950649350649351,0.9479310344827586,0.7586206896551724,0.5,0.008542076084037294
loso_allen,719161530_probeF,position,4100,0.3333333333333333,0.0975609756097561,0.4878048780487805,0.3333333333333333,0.5070858171532092
loso_allen,719161530_probeF,bandpower_full,4100,0.7609607843137255,0.7004878048780487,0.4878048780487805,0.3333333333333333,0.0536673755957881
loso_allen,719161530_probeF,w2v2_frozen,4100,0.768656862745098,0.81,0.4878048780487805,0.3333333333333333,0.08007073540675766
loso_allen,719161530_probeF,position+bandpower_full,4100,0.4986176470588235,0.3297560975609756,0.4878048780487805,0.3333333333333333,0.3535486650724975
loso_allen,719161530_probeF,position+w2v2_frozen,4100,0.7334509803921568,0.725609756097561,0.4878048780487805,0.3333333333333333,0.13212284841545824
loso_allen,798911424_probeA,position,5300,0.8114035087719298,0.7735849056603774,0.4528301886792453,0.3333333333333333,0.22704405142643824
loso_allen,798911424_probeA,bandpower_full,5300,0.6265219298245613,0.6324528301886793,0.4528301886792453,0.3333333333333333,0.04944288719185847
loso_allen,798911424_probeA,w2v2_frozen,5300,0.6982748538011695,0.7256603773584905,0.4528301886792453,0.3333333333333333,0.09308622130246963
loso_allen,798911424_probeA,position+bandpower_full,5300,0.773501461988304,0.7481132075471698,0.4528301886792453,0.3333333333333333,0.05700366562492699
loso_allen,798911424_probeA,position+w2v2_frozen,5300,0.7330394736842104,0.7530188679245283,0.4528301886792453,0.3333333333333333,0.0914628058864967
loso_allen,798911424_probeB,position,5700,0.8431372549019608,0.8596491228070176,0.38596491228070173,0.3333333333333333,0.34367044130376984
loso_allen,798911424_probeB,bandpower_full,5700,0.5586541889483067,0.5543859649122806,0.38596491228070173,0.3333333333333333,0.06609952822780539
loso_allen,798911424_probeB,w2v2_frozen,5700,0.7379996038819568,0.7385964912280701,0.38596491228070173,0.3333333333333333,0.0672783040163056
loso_allen,798911424_probeB,position+bandpower_full,5700,0.6934472172707467,0.6928070175438596,0.38596491228070173,0.3333333333333333,0.0794364787240251
loso_allen,798911424_probeB,position+w2v2_frozen,5700,0.7914874232521291,0.7940350877192982,0.38596491228070173,0.3333333333333333,0.048158531286091225
loso_allen,798911424_probeC,position,3800,0.717391304347826,0.6578947368421053,0.6052631578947368,0.5,0.20746197628183982
loso_allen,798911424_probeC,bandpower_full,3800,0.6536376811594202,0.6786842105263158,0.6052631578947368,0.5,0.08753474932340335
loso_allen,798911424_probeC,w2v2_frozen,3800,0.6701159420289855,0.6489473684210526,0.6052631578947368,0.5,0.1542048568403424
loso_allen,798911424_probeC,position+bandpower_full,3800,0.6566811594202899,0.6865789473684211,0.6052631578947368,0.5,0.0953233816798617
loso_allen,798911424_probeC,position+w2v2_frozen,3800,0.6398985507246377,0.6207894736842106,0.6052631578947368,0.5,0.19275397057703314
loso_allen,798911424_probeD,position,5500,0.1217948717948718,0.16363636363636364,0.4727272727272727,0.3333333333333333,0.35024846906152746
loso_allen,798911424_probeD,bandpower_full,5500,0.41455128205128206,0.5556363636363636,0.4727272727272727,0.3333333333333333,0.11713603462536107
loso_allen,798911424_probeD,w2v2_frozen,5500,0.5365491452991453,0.7065454545454546,0.4727272727272727,0.3333333333333333,0.13911041695082801
loso_allen,798911424_probeD,position+bandpower_full,5500,0.5482393162393162,0.5949090909090909,0.4727272727272727,0.3333333333333333,0.12614327287147417
loso_allen,798911424_probeD,position+w2v2_frozen,5500,0.5980320512820513,0.7667272727272727,0.4727272727272727,0.3333333333333333,0.10180409284735673
loso_allen,798911424_probeE,position,6200,0.6333333333333333,0.6612903225806451,0.3709677419354839,0.3333333333333333,0.25108644142766096
loso_allen,798911424_probeE,bandpower_full,6200,0.5136521739130435,0.5414516129032259,0.3709677419354839,0.3333333333333333,0.19038228742653082
loso_allen,798911424_probeE,w2v2_frozen,6200,0.5394057971014493,0.567741935483871,0.3709677419354839,0.3333333333333333,0.30388875247390157
loso_allen,798911424_probeE,position+bandpower_full,6200,0.5439420289855073,0.5717741935483871,0.3709677419354839,0.3333333333333333,0.24101545050056516
loso_allen,798911424_probeE,position+w2v2_frozen,6200,0.557659420289855,0.5862903225806452,0.3709677419354839,0.3333333333333333,0.3098693948814691
loso_allen,798911424_probeF,position,5700,0.421875,0.5964912280701754,0.42105263157894735,0.25,0.20154177073315913
loso_allen,798911424_probeF,bandpower_full,5700,0.44296875,0.5664912280701755,0.42105263157894735,0.25,0.09929821014089185
loso_allen,798911424_probeF,w2v2_frozen,5700,0.5769444444444445,0.6940350877192982,0.42105263157894735,0.25,0.16623587217936028
loso_allen,798911424_probeF,position+bandpower_full,5700,0.47359375000000004,0.6349122807017544,0.42105263157894735,0.25,0.20550439023686262
loso_allen,798911424_probeF,position+w2v2_frozen,5700,0.5725,0.7091228070175438,0.42105263157894735,0.25,0.19975143101305537
loso_ibl,0802ced5_probe00,position,21500,0.48917828319882617,0.5255813953488372,0.4372093023255814,0.25,0.3466765368225317
loso_ibl,0802ced5_probe00,bandpower_full,21500,0.35290021454456527,0.46506976744186046,0.4372093023255814,0.25,0.07351113107597171
loso_ibl,0802ced5_probe00,w2v2_frozen,21500,0.576072867338091,0.7089767441860465,0.4372093023255814,0.25,0.1923020393120382
loso_ibl,0802ced5_probe00,position+bandpower_full,21500,0.4891868038417928,0.5234883720930232,0.4372093023255814,0.25,0.3745994201395454
loso_ibl,0802ced5_probe00,position+w2v2_frozen,21500,0.6271623424264657,0.7187441860465116,0.4372093023255814,0.25,0.2385706241294212
loso_ibl,0802ced5_probe01,position,18300,0.8452173913043478,0.8415300546448088,0.3770491803278688,0.3333333333333333,0.060671866675285825
loso_ibl,0802ced5_probe01,bandpower_full,18300,0.36664227053140097,0.36038251366120216,0.3770491803278688,0.3333333333333333,0.16483905815500294
loso_ibl,0802ced5_probe01,w2v2_frozen,18300,0.7465911231884058,0.7339344262295082,0.3770491803278688,0.3333333333333333,0.1456256279686915
loso_ibl,0802ced5_probe01,position+bandpower_full,18300,0.7721661835748792,0.7512568306010929,0.3770491803278688,0.3333333333333333,0.11370292352220548
loso_ibl,0802ced5_probe01,position+w2v2_frozen,18300,0.811428925120773,0.7945901639344263,0.3770491803278688,0.3333333333333333,0.14156730333674897
loso_ibl,0a018f12_probe00,position,18000,0.8822344322344322,0.8777777777777778,0.3611111111111111,0.3333333333333333,0.04692995636112738
loso_ibl,0a018f12_probe00,bandpower_full,18000,0.5713983361271496,0.5634444444444444,0.3611111111111111,0.3333333333333333,0.06877137999385209
loso_ibl,0a018f12_probe00,w2v2_frozen,18000,0.7318735487676166,0.7333888888888889,0.3611111111111111,0.3333333333333333,0.1134587562499631
loso_ibl,0a018f12_probe00,position+bandpower_full,18000,0.8692316849816849,0.8611111111111112,0.3611111111111111,0.3333333333333333,0.05796730994957241
loso_ibl,0a018f12_probe00,position+w2v2_frozen,18000,0.9131383559942882,0.9100555555555555,0.3611111111111111,0.3333333333333333,0.025858470756611834
loso_ibl,3638d102_probe01,position,18700,0.8222222222222223,0.8021390374331551,0.40106951871657753,0.3333333333333333,0.08126374875909034
loso_ibl,3638d102_probe01,bandpower_full,18700,0.35865663082437277,0.37518716577540107,0.40106951871657753,0.3333333333333333,0.13903348215634695
loso_ibl,3638d102_probe01,w2v2_frozen,18700,0.7585856630824374,0.7598395721925134,0.40106951871657753,0.3333333333333333,0.10588836861938683
loso_ibl,3638d102_probe01,position+bandpower_full,18700,0.8268523297491038,0.8086096256684492,0.40106951871657753,0.3333333333333333,0.05082318646159383
loso_ibl,3638d102_probe01,position+w2v2_frozen,18700,0.8630931899641577,0.8580213903743316,0.40106951871657753,0.3333333333333333,0.06369357776848926
loso_ibl,54238fd6_probe00,position,17700,0.6736111111111112,0.8305084745762712,0.4180790960451977,0.25,0.11895728070507092
loso_ibl,54238fd6_probe00,bandpower_full,17700,0.3685082533191086,0.4835593220338983,0.4180790960451977,0.25,0.10377819566787364
loso_ibl,54238fd6_probe00,w2v2_frozen,17700,0.6330838815789475,0.7566666666666667,0.4180790960451977,0.25,0.15306927398850925
loso_ibl,54238fd6_probe00,position+bandpower_full,17700,0.6596701388888889,0.8153672316384181,0.4180790960451977,0.25,0.11373023871241915
loso_ibl,54238fd6_probe00,position+w2v2_frozen,17700,0.6652824946657183,0.8084745762711865,0.4180790960451977,0.25,0.14477974727528495
loso_ibl,5dcee0eb_probe00,position,20100,0.8761904761904762,0.8706467661691543,0.36318407960199006,0.3333333333333333,0.06237487730373677
loso_ibl,5dcee0eb_probe00,bandpower_full,20100,0.473542726679713,0.4654228855721393,0.36318407960199006,0.3333333333333333,0.048233927794816486
loso_ibl,5dcee0eb_probe00,w2v2_frozen,20100,0.6639168634860653,0.6637313432835821,0.36318407960199006,0.3333333333333333,0.1898249731514474
loso_ibl,5dcee0eb_probe00,position+bandpower_full,20100,0.836365791663855,0.8291542288557214,0.36318407960199006,0.3333333333333333,0.0460947634397897
loso_ibl,5dcee0eb_probe00,position+w2v2_frozen,20100,0.8341750455496322,0.8370149253731344,0.36318407960199006,0.3333333333333333,0.09598820208332683
loso_ibl,d2832a38_probe00,position,18300,0.6697874493927125,0.8469945355191257,0.34972677595628415,0.25,0.05367663290009586
loso_ibl,d2832a38_probe00,bandpower_full,18300,0.4426231338562753,0.5051912568306011,0.34972677595628415,0.25,0.028719450568252328
loso_ibl,d2832a38_probe00,w2v2_frozen,18300,0.6459238360323887,0.8110928961748634,0.34972677595628415,0.25,0.09558777601333593
loso_ibl,d2832a38_probe00,position+bandpower_full,18300,0.6867349865047233,0.8671584699453552,0.34972677595628415,0.25,0.046416671988548264
loso_ibl,d2832a38_probe00,position+w2v2_frozen,18300,0.7072744285593792,0.894808743169399,0.34972677595628415,0.25,0.06865025872617574
cross_lab_allen_to_ibl,0802ced5_probe00,position,21500,0.25,0.4372093023255814,0.4372093023255814,0.25,0.3156092030304404
cross_lab_allen_to_ibl,0802ced5_probe00,bandpower_full,21500,0.27697839547344316,0.25734883720930235,0.4372093023255814,0.25,0.2335824150043722
cross_lab_allen_to_ibl,0802ced5_probe00,w2v2_frozen,21500,0.2579624046777385,0.194,0.4372093023255814,0.25,0.7424035654312865
cross_lab_allen_to_ibl,0802ced5_probe00,position+bandpower_full,21500,0.45632196691789506,0.6232558139534884,0.4372093023255814,0.25,0.08380450050757962
cross_lab_allen_to_ibl,0802ced5_probe00,position+w2v2_frozen,21500,0.26495365059249876,0.20609302325581394,0.4372093023255814,0.25,0.7271494623833831
cross_lab_allen_to_ibl,0802ced5_probe01,position,18300,0.3333333333333333,0.34972677595628415,0.3770491803278688,0.3333333333333333,0.4414795129054836
cross_lab_allen_to_ibl,0802ced5_probe01,bandpower_full,18300,0.434538345410628,0.44420765027322406,0.3770491803278688,0.3333333333333333,0.07169404012948825
cross_lab_allen_to_ibl,0802ced5_probe01,w2v2_frozen,18300,0.29810223429951693,0.32551912568306013,0.3770491803278688,0.3333333333333333,0.5972003890063842
cross_lab_allen_to_ibl,0802ced5_probe01,position+bandpower_full,18300,0.581142693236715,0.5963934426229508,0.3770491803278688,0.3333333333333333,0.12332671652494322
cross_lab_allen_to_ibl,0802ced5_probe01,position+w2v2_frozen,18300,0.30668837560386475,0.3307103825136612,0.3770491803278688,0.3333333333333333,0.5844399054033359
cross_lab_allen_to_ibl,0a018f12_probe00,position,18000,0.3333333333333333,0.3277777777777778,0.3611111111111111,0.3333333333333333,0.4581114029256622
cross_lab_allen_to_ibl,0a018f12_probe00,bandpower_full,18000,0.38508493201713545,0.386,0.3611111111111111,0.3333333333333333,0.12693541096527877
cross_lab_allen_to_ibl,0a018f12_probe00,w2v2_frozen,18000,0.36639349351213757,0.3842777777777778,0.3611111111111111,0.3333333333333333,0.5759563271429291
cross_lab_allen_to_ibl,0a018f12_probe00,position+bandpower_full,18000,0.6583926708884337,0.6486666666666666,0.3611111111111111,0.3333333333333333,0.052325100342984314
cross_lab_allen_to_ibl,0a018f12_probe00,position+w2v2_frozen,18000,0.37814752902464766,0.39455555555555555,0.3611111111111111,0.3333333333333333,0.5620229052554553
cross_lab_allen_to_ibl,3638d102_probe01,position,18700,0.3333333333333333,0.3315508021390374,0.40106951871657753,0.3333333333333333,0.4039528312771913
cross_lab_allen_to_ibl,3638d102_probe01,bandpower_full,18700,0.3846616487455197,0.37631016042780746,0.40106951871657753,0.3333333333333333,0.18879317127597753
cross_lab_allen_to_ibl,3638d102_probe01,w2v2_frozen,18700,0.2969777777777778,0.34449197860962566,0.40106951871657753,0.3333333333333333,0.6033437696323565
cross_lab_allen_to_ibl,3638d102_probe01,position+bandpower_full,18700,0.5579433691756273,0.5618181818181818,0.40106951871657753,0.3333333333333333,0.1559805644612886
cross_lab_allen_to_ibl,3638d102_probe01,position+w2v2_frozen,18700,0.3042480286738351,0.3477005347593583,0.40106951871657753,0.3333333333333333,0.589078839656756
cross_lab_allen_to_ibl,54238fd6_probe00,position,17700,0.25,0.4180790960451977,0.4180790960451977,0.25,0.3928501580222073
cross_lab_allen_to_ibl,54238fd6_probe00,bandpower_full,17700,0.4096003980954639,0.5476271186440678,0.4180790960451977,0.25,0.05646967271554439
cross_lab_allen_to_ibl,54238fd6_probe00,w2v2_frozen,17700,0.23139706318160264,0.1963276836158192,0.4180790960451977,0.25,0.7368946558881799
cross_lab_allen_to_ibl,54238fd6_probe00,position+bandpower_full,17700,0.32083427177177176,0.4940677966101695,0.4180790960451977,0.25,0.3128892462430692
cross_lab_allen_to_ibl,54238fd6_probe00,position+w2v2_frozen,17700,0.23692473723723725,0.20779661016949152,0.4180790960451977,0.25,0.7179832344525292
cross_lab_allen_to_ibl,5dcee0eb_probe00,position,20100,0.3333333333333333,0.36318407960199006,0.36318407960199006,0.3333333333333333,0.3960034474167096
cross_lab_allen_to_ibl,5dcee0eb_probe00,bandpower_full,20100,0.41202451807364415,0.39950248756218903,0.36318407960199006,0.3333333333333333,0.12134007075241467
cross_lab_allen_to_ibl,5dcee0eb_probe00,w2v2_frozen,20100,0.38323197696650696,0.38303482587064674,0.36318407960199006,0.3333333333333333,0.5765022722262794
cross_lab_allen_to_ibl,5dcee0eb_probe00,position+bandpower_full,20100,0.6883229412690914,0.699452736318408,0.36318407960199006,0.3333333333333333,0.04983244520900947
cross_lab_allen_to_ibl,5dcee0eb_probe00,position+w2v2_frozen,20100,0.3973345479901928,0.3954228855721393,0.36318407960199006,0.3333333333333333,0.5562630437680838
cross_lab_allen_to_ibl,d2832a38_probe00,position,18300,0.25,0.34972677595628415,0.34972677595628415,0.25,0.43617657743804833
cross_lab_allen_to_ibl,d2832a38_probe00,bandpower_full,18300,0.2961546790654521,0.34595628415300544,0.34972677595628415,0.25,0.1529793071338709
cross_lab_allen_to_ibl,d2832a38_probe00,w2v2_frozen,18300,0.2657107160931174,0.3253551912568306,0.34972677595628415,0.25,0.6244905604234363
cross_lab_allen_to_ibl,d2832a38_probe00,position+bandpower_full,18300,0.451586485745614,0.5877049180327869,0.34972677595628415,0.25,0.12098655316283856
cross_lab_allen_to_ibl,d2832a38_probe00,position+w2v2_frozen,18300,0.27495787997638327,0.3359562841530055,0.34972677595628415,0.25,0.6093532911167027
cross_lab_ibl_to_allen,719161530_probeA,position,5200,0.29340721795964764,0.3269230769230769,0.4423076923076923,0.3333333333333333,0.5067586795846613
cross_lab_ibl_to_allen,719161530_probeA,bandpower_full,5200,0.48047527706734866,0.5198076923076923,0.4423076923076923,0.3333333333333333,0.09770627734089579
cross_lab_ibl_to_allen,719161530_probeA,w2v2_frozen,5200,0.37488206876953684,0.44711538461538464,0.4423076923076923,0.3333333333333333,0.4603729925280876
cross_lab_ibl_to_allen,719161530_probeA,position+bandpower_full,5200,0.4881571469167378,0.4801923076923077,0.4423076923076923,0.3333333333333333,0.34776259142499855
cross_lab_ibl_to_allen,719161530_probeA,position+w2v2_frozen,5200,0.48008169934640527,0.5459615384615385,0.4423076923076923,0.3333333333333333,0.3617941656885398
cross_lab_ibl_to_allen,719161530_probeB,position,5400,0.36435786435786427,0.3888888888888889,0.4074074074074074,0.3333333333333333,0.4497962817849942
cross_lab_ibl_to_allen,719161530_probeB,bandpower_full,5400,0.4811976911976912,0.5177777777777778,0.4074074074074074,0.3333333333333333,0.06030165030543037
cross_lab_ibl_to_allen,719161530_probeB,w2v2_frozen,5400,0.33729677729677726,0.39,0.4074074074074074,0.3333333333333333,0.5323077964861358
cross_lab_ibl_to_allen,719161530_probeB,position+bandpower_full,5400,0.5102477152477153,0.5198148148148148,0.4074074074074074,0.3333333333333333,0.3101059442411594
cross_lab_ibl_to_allen,719161530_probeB,position+w2v2_frozen,5400,0.4558561808561808,0.505,0.4074074074074074,0.3333333333333333,0.41749123328404275
cross_lab_ibl_to_allen,719161530_probeC,position,2900,0.18181818181818182,0.27586206896551724,0.7586206896551724,0.5,0.6423058744004462
cross_lab_ibl_to_allen,719161530_probeC,bandpower_full,2900,0.23055194805194804,0.31655172413793103,0.7586206896551724,0.5,0.31933240417060343
cross_lab_ibl_to_allen,719161530_probeC,w2v2_frozen,2900,0.4260064935064935,0.6182758620689656,0.7586206896551724,0.5,0.3190145080769645
cross_lab_ibl_to_allen,719161530_probeC,position+bandpower_full,2900,0.32876623376623376,0.47,0.7586206896551724,0.5,0.3586572017398158
cross_lab_ibl_to_allen,719161530_probeC,position+w2v2_frozen,2900,0.4655844155844156,0.6724137931034483,0.7586206896551724,0.5,0.2937307750566973
cross_lab_ibl_to_allen,719161530_probeF,position,4100,0.0,0.0,0.4878048780487805,0.3333333333333333,0.9566768170772532
cross_lab_ibl_to_allen,719161530_probeF,bandpower_full,4100,0.45697058823529413,0.5587804878048781,0.4878048780487805,0.3333333333333333,0.13267243548015506
cross_lab_ibl_to_allen,719161530_probeF,w2v2_frozen,4100,0.31420588235294117,0.43390243902439024,0.4878048780487805,0.3333333333333333,0.48593489192864625
cross_lab_ibl_to_allen,719161530_probeF,position+bandpower_full,4100,0.0,0.0,0.4878048780487805,0.3333333333333333,0.9689342426636208
cross_lab_ibl_to_allen,719161530_probeF,position+w2v2_frozen,4100,0.0,0.0,0.4878048780487805,0.3333333333333333,0.9684755535434545
cross_lab_ibl_to_allen,798911424_probeA,position,5300,0.0,0.0,0.4528301886792453,0.3333333333333333,0.8312828309138505
cross_lab_ibl_to_allen,798911424_probeA,bandpower_full,5300,0.36977339181286545,0.39528301886792455,0.4528301886792453,0.3333333333333333,0.18483419729943038
cross_lab_ibl_to_allen,798911424_probeA,w2v2_frozen,5300,0.33919590643274855,0.4316981132075472,0.4528301886792453,0.3333333333333333,0.5177399991766041
cross_lab_ibl_to_allen,798911424_probeA,position+bandpower_full,5300,0.02913888888888889,0.03905660377358491,0.4528301886792453,0.3333333333333333,0.7521607318864189
cross_lab_ibl_to_allen,798911424_probeA,position+w2v2_frozen,5300,0.23997514619883042,0.30433962264150943,0.4528301886792453,0.3333333333333333,0.619936655497617
cross_lab_ibl_to_allen,798911424_probeB,position,5700,0.0,0.0,0.38596491228070173,0.3333333333333333,0.8462885235624116
cross_lab_ibl_to_allen,798911424_probeB,bandpower_full,5700,0.41390968508615567,0.4108771929824561,0.38596491228070173,0.3333333333333333,0.1667598346086557
cross_lab_ibl_to_allen,798911424_probeB,w2v2_frozen,5700,0.41660031689443455,0.4571929824561404,0.38596491228070173,0.3333333333333333,0.4490584274411203
cross_lab_ibl_to_allen,798911424_probeB,position+bandpower_full,5700,0.010802139037433154,0.012456140350877193,0.38596491228070173,0.3333333333333333,0.8212521138839912
cross_lab_ibl_to_allen,798911424_probeB,position+w2v2_frozen,5700,0.20400079223608636,0.23228070175438598,0.38596491228070173,0.3333333333333333,0.6981017099695972
cross_lab_ibl_to_allen,798911424_probeC,position,3800,0.0,0.0,0.6052631578947368,0.5,0.8131776705121099
cross_lab_ibl_to_allen,798911424_probeC,bandpower_full,3800,0.28653623188405797,0.3318421052631579,0.6052631578947368,0.5,0.28422584533280704
cross_lab_ibl_to_allen,798911424_probeC,w2v2_frozen,3800,0.49979710144927536,0.59,0.6052631578947368,0.5,0.3372450421073634
cross_lab_ibl_to_allen,798911424_probeC,position+bandpower_full,3800,0.0,0.0,0.6052631578947368,0.5,0.8506284673785343
cross_lab_ibl_to_allen,798911424_probeC,position+w2v2_frozen,3800,0.1184927536231884,0.1431578947368421,0.6052631578947368,0.5,0.7923635976079595
cross_lab_ibl_to_allen,798911424_probeD,position,5500,0.3333333333333333,0.09090909090909091,0.4727272727272727,0.3333333333333333,0.791993786858398
cross_lab_ibl_to_allen,798911424_probeD,bandpower_full,5500,0.2339358974358974,0.26690909090909093,0.4727272727272727,0.3333333333333333,0.43314318143655556
cross_lab_ibl_to_allen,798911424_probeD,w2v2_frozen,5500,0.34988461538461535,0.4007272727272727,0.4727272727272727,0.3333333333333333,0.5639018996393867
cross_lab_ibl_to_allen,798911424_probeD,position+bandpower_full,5500,0.3333333333333333,0.09090909090909091,0.4727272727272727,0.3333333333333333,0.8075426167316946
cross_lab_ibl_to_allen,798911424_probeD,position+w2v2_frozen,5500,0.3551388888888889,0.11945454545454545,0.4727272727272727,0.3333333333333333,0.8440757275960299
cross_lab_ibl_to_allen,798911424_probeE,position,6200,0.34782608695652173,0.3225806451612903,0.3709677419354839,0.3333333333333333,0.5144334671924632
cross_lab_ibl_to_allen,798911424_probeE,bandpower_full,6200,0.39391876430205947,0.4017741935483871,0.3709677419354839,0.3333333333333333,0.24438162551136963
cross_lab_ibl_to_allen,798911424_probeE,w2v2_frozen,6200,0.33792219679633867,0.36629032258064514,0.3709677419354839,0.3333333333333333,0.5830435743551252
cross_lab_ibl_to_allen,798911424_probeE,position+bandpower_full,6200,0.4223035850495805,0.4070967741935484,0.3709677419354839,0.3333333333333333,0.42220667734848394
cross_lab_ibl_to_allen,798911424_probeE,position+w2v2_frozen,6200,0.5783642257818459,0.5788709677419355,0.3709677419354839,0.3333333333333333,0.3532519207455329
cross_lab_ibl_to_allen,798911424_probeF,position,5700,0.4739583333333333,0.43859649122807015,0.42105263157894735,0.25,0.40612659930782297
cross_lab_ibl_to_allen,798911424_probeF,bandpower_full,5700,0.36678819444444444,0.4475438596491228,0.42105263157894735,0.25,0.18332830160755992
cross_lab_ibl_to_allen,798911424_probeF,w2v2_frozen,5700,0.2811111111111111,0.4129824561403509,0.42105263157894735,0.25,0.5396639936616742
cross_lab_ibl_to_allen,798911424_probeF,position+bandpower_full,5700,0.5269270833333334,0.4998245614035088,0.42105263157894735,0.25,0.35575698474105455
cross_lab_ibl_to_allen,798911424_probeF,position+w2v2_frozen,5700,0.6056076388888889,0.6524561403508772,0.42105263157894735,0.25,0.2783369324919449
