dataset,freq_hz,psd
ibl,0.0,0.02042136536032708
ibl,1.0000095679,0.10193964790115032
ibl,2.0000191358,0.09549127631213715
ibl,3.0000287037,0.07310441241778025
ibl,4.0000382716,0.06064058997921278
ibl,5.0000478395000005,0.06285751385743825
ibl,6.0000574074,0.08207245765824649
ibl,7.0000669753,0.09089151321171228
ibl,8.0000765432,0.06505651941981276
ibl,9.0000861111,0.03661793586345615
ibl,10.000095679000001,0.0239457288621916
ibl,11.0001052469,0.018325631232156678
ibl,12.0001148148,0.014911124143292695
ibl,13.000124382700001,0.012893018909988029
ibl,14.0001339506,0.011258485252560544
ibl,15.000143518500002,0.01002029989165018
ibl,16.0001530864,0.009092827800501404
ibl,17.000162654300002,0.008211146813568887
ibl,18.0001722222,0.0077538651306883165
ibl,19.0001817901,0.007283590260825209
ibl,20.000191358000002,0.007039564283138827
ibl,21.0002009259,0.006629550759239553
ibl,22.0002104938,0.006250485896201669
ibl,23.000220061700002,0.006196652989314702
ibl,24.0002296296,0.005946854656574955
ibl,25.0002391975,0.00553161365310395
ibl,26.000248765400002,0.005174165677728056
ibl,27.000258333300003,0.005188965995303806
ibl,28.0002679012,0.004810501968935191
ibl,29.000277469100002,0.0043708289577580155
ibl,30.000287037000003,0.004147134941245893
ibl,31.0002966049,0.003921697963728697
ibl,32.0003061728,0.0037209765648004976
ibl,33.0003157407,0.0035637716820915684
ibl,34.000325308600004,0.0033573380934869773
ibl,35.000334876500006,0.0032009401591544862
ibl,36.0003444444,0.003153312365757254
ibl,37.0003540123,0.0031480988854001098
ibl,38.0003635802,0.0030147230326305445
ibl,39.0003731481,0.002815503664695609
ibl,40.000382716000004,0.002683837801150151
ibl,41.000392283900005,0.0026577585530882224
ibl,42.0004018518,0.0026407271476578233
ibl,43.0004114197,0.002568427664620516
ibl,44.0004209876,0.0025264091949759432
ibl,45.0004305555,0.0024212095731182977
ibl,46.000440123400004,0.0023582279923307203
ibl,47.000449691300005,0.002270592215073337
ibl,48.0004592592,0.0022181501020996936
ibl,49.0004688271,0.0021734722560996533
ibl,50.000478395,0.0021473149730091455
ibl,51.0004879629,0.00204518947820388
ibl,52.000497530800004,0.0019064583317832285
ibl,53.000507098700005,0.0018416244365970441
ibl,54.00051666660001,0.0018300516092773589
ibl,55.0005262345,0.0017680907293592452
ibl,56.0005358024,0.001714525630648653
ibl,57.0005453703,0.001656209798630482
ibl,58.000554938200004,0.0015394220040981746
ibl,59.000564506100005,0.0014311951243606554
ibl,60.000574074000006,0.0013901638425687925
ibl,61.0005836419,0.0013185394581895756
ibl,62.0005932098,0.0012458287920654677
ibl,63.0006027777,0.001187968954072931
ibl,64.0006123456,0.0011557344537755589
ibl,65.0006219135,0.00110981154841719
ibl,66.0006314814,0.0010290372782454295
ibl,67.0006410493,0.0009679495285229655
ibl,68.00065061720001,0.0009356390301145834
ibl,69.0006601851,0.0009064423637518333
ibl,70.00066975300001,0.0008460576525085867
ibl,71.0006793209,0.0007933662855954988
ibl,72.0006888888,0.0007621082189494904
ibl,73.00069845670001,0.0007364483654310967
ibl,74.0007080246,0.00071522569208088
ibl,75.00071759250001,0.0006849738785062017
ibl,76.0007271604,0.0006693150593241044
ibl,77.0007367283,0.0006670393791985908
ibl,78.0007462962,0.0006128833627464061
ibl,79.0007558641,0.0005685461305099665
ibl,80.00076543200001,0.0005530443141311685
ibl,81.0007749999,0.0005325917580491172
ibl,82.00078456780001,0.0005090331028355247
ibl,83.0007941357,0.0004917305719929263
ibl,84.0008037036,0.0004775303055485768
ibl,85.00081327150001,0.00045940597456712597
ibl,86.0008228394,0.00043931706839626917
ibl,87.00083240730001,0.00043025692150606005
ibl,88.0008419752,0.0004093458614026612
ibl,89.00085154310001,0.0003930551258840759
ibl,90.000861111,0.0003867920151645474
ibl,91.0008706789,0.00037863193667098913
ibl,92.00088024680001,0.00036501352615032884
ibl,93.0008898147,0.0003559141672849362
ibl,94.00089938260001,0.0003358433807159661
ibl,95.0009089505,0.00033038376584360084
ibl,96.0009185184,0.0003197484011844435
ibl,97.00092808630001,0.00030867669981047126
ibl,98.0009376542,0.0002937402333307005
ibl,99.00094722210001,0.0002874087288181377
ibl,100.00095679,0.0002790885991674246
ibl,101.00096635790001,0.0002673784832077096
ibl,102.0009759258,0.00025996631855435465
ibl,103.0009854937,0.0002516754032727296
ibl,104.00099506160001,0.0002450502479250683
ibl,105.0010046295,0.00023388948743955368
ibl,106.00101419740001,0.00022591430174566138
ibl,107.0010237653,0.00022471996026794246
ibl,108.00103333320001,0.00021760944381867068
ibl,109.0010429011,0.00020668428346918042
ibl,110.001052469,0.00020185497075514083
ibl,111.00106203690001,0.00019817664785019018
ibl,112.0010716048,0.0001938659310521101
ibl,113.00108117270001,0.0001881032871873712
ibl,114.0010907406,0.00018214645798509047
ibl,115.00110030850001,0.00017362292102644447
ibl,116.00110987640001,0.0001672977902329187
ibl,117.0011194443,0.0001614294150422842
ibl,118.00112901220001,0.0001575372305561569
ibl,119.0011385801,0.0001513545876731885
ibl,120.00114814800001,0.0001483755689651319
ibl,121.0011577159,0.0001488994064543478
ibl,122.0011672838,0.00014019052259639983
ibl,123.00117685170001,0.00013275570040354273
ibl,124.0011864196,0.0001294769524296334
ibl,125.00119598750001,0.0001268632650400256
ibl,126.0012055554,0.0001234725362933455
ibl,127.00121512330001,0.0001217068436851669
ibl,128.0012246912,0.00011662011661660841
ibl,129.00123425910002,0.0001120637508535795
ibl,130.001243827,0.00011078042670794404
ibl,131.0012533949,0.00010624346756185397
ibl,132.0012629628,0.00010171831955025087
ibl,133.00127253070002,9.844376652773174e-05
ibl,134.0012820986,9.638367519622592e-05
ibl,135.0012916665,9.575964269735736e-05
ibl,136.00130123440002,9.160966207047945e-05
ibl,137.0013108023,8.716511945732872e-05
ibl,138.0013203702,8.674275514583763e-05
ibl,139.0013299381,8.552728973592192e-05
ibl,140.00133950600002,8.185356985844269e-05
ibl,141.0013490739,7.95419365960501e-05
ibl,142.0013586418,7.657216472017821e-05
ibl,143.00136820970002,7.498863931028494e-05
ibl,144.0013777776,7.36368262854304e-05
ibl,145.0013873455,7.243823353668134e-05
ibl,146.00139691340001,6.945526068846094e-05
ibl,147.00140648130002,6.706482494609946e-05
ibl,148.0014160492,6.618357060339673e-05
ibl,149.0014256171,6.443717089250243e-05
ibl,150.00143518500002,6.248751024602391e-05
ibl,151.0014447529,6.126933322030898e-05
ibl,152.0014543208,6.027634383092191e-05
ibl,153.00146388870002,5.8638059803620765e-05
ibl,154.0014734566,5.6688100836458924e-05
ibl,155.0014830245,5.574608505484512e-05
ibl,156.0014925924,5.33168354103001e-05
ibl,157.00150216030002,5.2323394899804196e-05
ibl,158.0015117282,5.192637885332341e-05
ibl,159.0015212961,5.025378106830255e-05
ibl,160.00153086400002,4.9661655060964284e-05
ibl,161.0015404319,4.817221952644121e-05
ibl,162.0015499998,4.6408274249274786e-05
ibl,163.0015595677,4.6139048145323116e-05
ibl,164.00156913560002,4.523940756032947e-05
ibl,165.0015787035,4.3409704493222206e-05
ibl,166.0015882714,4.222041878152995e-05
ibl,167.00159783930002,4.169270196883182e-05
ibl,168.0016074072,4.131826171434082e-05
ibl,169.0016169751,4.049998440652073e-05
ibl,170.00162654300001,3.907164700303155e-05
ibl,171.00163611090002,3.88489251870321e-05
ibl,172.0016456788,3.8622303707462585e-05
ibl,173.0016552467,3.8147065089616584e-05
ibl,174.00166481460002,3.652484242781388e-05
ibl,175.0016743825,3.5323669183212966e-05
ibl,176.0016839504,3.459198471937629e-05
ibl,177.00169351830002,3.4394028900233555e-05
ibl,178.00170308620002,3.360665216157524e-05
ibl,179.0017126541,3.274203123692412e-05
ibl,180.001722222,3.2874689125670804e-05
ibl,181.00173178990002,3.1748901458747e-05
ibl,182.0017413578,3.1042761088671157e-05
ibl,183.0017509257,3.045308461485452e-05
ibl,184.00176049360002,2.9989023639121714e-05
ibl,185.00177006150003,2.920722121686492e-05
ibl,186.0017796294,2.875522658276584e-05
ibl,187.0017891973,2.8239816503796417e-05
ibl,188.00179876520002,2.769218464831702e-05
ibl,189.0018083331,2.743683519165172e-05
ibl,190.001817901,2.6890013325829933e-05
ibl,191.00182746890002,2.6506485500955214e-05
ibl,192.0018370368,2.5794288115696286e-05
ibl,193.0018466047,2.5700483322014712e-05
ibl,194.00185617260001,2.479869478391007e-05
ibl,195.00186574050002,2.424847140050348e-05
ibl,196.0018753084,2.3988418188670438e-05
ibl,197.0018848763,2.385045106073279e-05
ibl,198.00189444420002,2.2792445639171525e-05
ibl,199.0019040121,2.26031284925582e-05
ibl,200.00191358,2.2645598703641274e-05
ibl,201.00192314790002,2.2322784882114557e-05
ibl,202.00193271580002,2.1891051525386884e-05
ibl,203.0019422837,2.12877289149147e-05
ibl,204.0019518516,2.121142686733342e-05
ibl,205.00196141950002,2.074999643847584e-05
ibl,206.0019709874,2.001459526537983e-05
ibl,207.0019805553,1.9704662318517382e-05
ibl,208.00199012320002,1.963461907816302e-05
ibl,209.00199969110002,1.940391052723725e-05
ibl,210.002009259,1.904887056396387e-05
ibl,211.0020188269,1.877633929799055e-05
ibl,212.00202839480002,1.836569682366063e-05
ibl,213.0020379627,1.8121218087612678e-05
ibl,214.0020475306,1.792936195544424e-05
ibl,215.00205709850002,1.7747804757739297e-05
ibl,216.00206666640003,1.7359987930292072e-05
ibl,217.0020762343,1.717268234222867e-05
ibl,218.0020858022,1.6904738013640214e-05
ibl,219.00209537010002,1.6445148180555556e-05
ibl,220.002104938,1.5971448231641955e-05
ibl,221.0021145059,1.5789071260159832e-05
ibl,222.00212407380002,1.6074529645801012e-05
ibl,223.00213364170003,1.573880973516641e-05
ibl,224.0021432096,1.5226248748502847e-05
ibl,225.00215277750002,1.4979196176323396e-05
ibl,226.00216234540002,1.4692717900722116e-05
ibl,227.0021719133,1.4402953179544444e-05
ibl,228.0021814812,1.404136860432593e-05
ibl,229.00219104910002,1.4003637196449484e-05
ibl,230.00220061700003,1.3835731305064417e-05
ibl,231.0022101849,1.320827264239867e-05
ibl,232.00221975280002,1.3114961911017546e-05
ibl,233.00222932070002,1.3317123722687844e-05
ibl,234.0022388886,1.3169044457213827e-05
ibl,235.0022484565,1.2919332329616367e-05
ibl,236.00225802440002,1.2901652482713573e-05
ibl,237.0022675923,1.2369501767019655e-05
ibl,238.0022771602,1.2112914158730316e-05
ibl,239.00228672810002,1.2045548323611512e-05
ibl,240.00229629600003,1.1853786220092633e-05
ibl,241.0023058639,1.1481367398553723e-05
ibl,242.0023154318,1.1347782707219222e-05
ibl,243.00232499970002,1.1058104923682245e-05
ibl,244.0023345676,1.1015639867186389e-05
ibl,245.0023441355,1.0630076528148142e-05
ibl,246.00235370340002,1.0541889809021915e-05
ibl,247.00236327130003,1.0536791406771089e-05
ibl,248.0023728392,1.0354210094003544e-05
ibl,249.00238240710001,9.835979044607562e-06
ibl,250.00239197500002,9.736389146144043e-06
ibl,251.0024015429,9.684879032602612e-06
ibl,252.0024111108,9.313386611535655e-06
ibl,253.00242067870002,9.220506664691986e-06
ibl,254.00243024660003,9.363973124889663e-06
ibl,255.0024398145,8.968270118325544e-06
ibl,256.0024493824,8.827733202779902e-06
ibl,257.0024589503,8.667322070861229e-06
ibl,258.00246851820003,8.355628927910979e-06
ibl,259.00247808610004,8.16631851887707e-06
ibl,260.002487654,8.099138108231121e-06
ibl,261.0024972219,7.960861721234843e-06
ibl,262.0025067898,7.887209145949136e-06
ibl,263.0025163577,7.565142288589192e-06
ibl,264.0025259256,7.463592501622576e-06
ibl,265.00253549350003,7.2915720176223086e-06
ibl,266.00254506140004,7.182071295993543e-06
ibl,267.0025546293,7.272255115260601e-06
ibl,268.0025641972,6.890194087192158e-06
ibl,269.0025737651,6.756183808536537e-06
ibl,270.002583333,6.6391775267409445e-06
ibl,271.0025929009,6.4499162718753265e-06
ibl,272.00260246880003,6.3095172491819695e-06
ibl,273.00261203670004,6.399103920019191e-06
ibl,274.0026216046,6.214155687825767e-06
ibl,275.0026311725,6.060948330859873e-06
ibl,276.0026407404,5.848775223772756e-06
ibl,277.0026503083,5.7516780189001335e-06
ibl,278.0026598762,5.632204413115071e-06
ibl,279.00266944410004,5.460203951476611e-06
ibl,280.00267901200004,5.349239818709447e-06
ibl,281.0026885799,5.205446738124604e-06
ibl,282.0026981478,5.1233184663442245e-06
ibl,283.0027077157,5.040543221246368e-06
ibl,284.0027172836,5.041340888513238e-06
ibl,285.00272685150003,4.8684812394762115e-06
ibl,286.00273641940004,4.713136404242063e-06
ibl,287.00274598730005,4.687641245559289e-06
ibl,288.0027555552,4.53554636808129e-06
ibl,289.0027651231,4.381207857978603e-06
ibl,290.002774691,4.3208760108242075e-06
ibl,291.0027842589,4.131919449864371e-06
ibl,292.00279382680003,4.089315968693116e-06
ibl,293.00280339470004,4.0405148101174825e-06
ibl,294.00281296260005,3.855240341120013e-06
ibl,295.0028225305,3.888166152651632e-06
ibl,296.0028320984,3.8086941049948604e-06
ibl,297.0028416663,3.667497961247437e-06
ibl,298.0028512342,3.5974225117111613e-06
ibl,299.00286080210003,3.4672448592820474e-06
ibl,300.00287037000004,3.500386366044619e-06
ibl,301.0028799379,3.34682773256781e-06
ibl,302.0028895058,3.220457258959763e-06
ibl,303.0028990737,3.110793736270975e-06
ibl,304.0029086416,3.0528834205109316e-06
ibl,305.0029182095,2.9968177864182325e-06
ibl,306.00292777740003,2.9534755887123002e-06
ibl,307.00293734530004,2.912335989355835e-06
ibl,308.0029469132,2.7827879503602914e-06
ibl,309.0029564811,2.644087275912468e-06
ibl,310.002966049,2.6425590094078377e-06
ibl,311.0029756169,2.6130504766925277e-06
ibl,312.0029851848,2.612881023361612e-06
ibl,313.00299475270003,2.480473332917811e-06
ibl,314.00300432060004,2.4242302480621752e-06
ibl,315.0030138885,2.4143101158210797e-06
ibl,316.0030234564,2.3851796486173836e-06
ibl,317.0030330243,2.3142339052858002e-06
ibl,318.0030425922,2.222488943146161e-06
ibl,319.0030521601,2.1574788760577695e-06
ibl,320.00306172800003,2.0903603369986498e-06
ibl,321.00307129590004,2.0377102999838383e-06
ibl,322.0030808638,2.018661038787409e-06
ibl,323.0030904317,1.9392059698415822e-06
ibl,324.0030999996,1.875570417048301e-06
ibl,325.0031095675,1.8693999880768674e-06
ibl,326.0031191354,1.84985949285426e-06
ibl,327.00312870330004,1.8259272795840518e-06
ibl,328.00313827120004,1.7378029505626173e-06
ibl,329.0031478391,1.6472245403406074e-06
ibl,330.003157407,1.6220714647550614e-06
ibl,331.0031669749,1.6222781353966815e-06
ibl,332.0031765428,1.557381585030983e-06
ibl,333.0031861107,1.5237219018728861e-06
ibl,334.00319567860004,1.5065133185278787e-06
ibl,335.00320524650004,1.4244756332482504e-06
ibl,336.0032148144,1.3953549124632734e-06
ibl,337.0032243823,1.3890707613736926e-06
ibl,338.0032339502,1.3379525349921283e-06
ibl,339.0032435181,1.3192381961048634e-06
ibl,340.00325308600003,1.286345059220928e-06
ibl,341.00326265390004,1.2841592630660303e-06
ibl,342.00327222180005,1.2403379549021795e-06
ibl,343.0032817897,1.1849002461322573e-06
ibl,344.0032913576,1.154484863247899e-06
ibl,345.0033009255,1.1482851441504066e-06
ibl,346.0033104934,1.1217454835065252e-06
ibl,347.00332006130003,1.0760687337834976e-06
ibl,348.00332962920004,1.023597677201257e-06
ibl,349.00333919710005,1.0025480990140487e-06
ibl,350.003348765,9.89573073676342e-07
ibl,351.0033583329,9.823758412351743e-07
ibl,352.0033679008,9.71525366859772e-07
ibl,353.0033774687,9.399003325952363e-07
ibl,354.00338703660003,8.959379635325892e-07
ibl,355.00339660450004,8.609067865172748e-07
ibl,356.00340617240005,8.363196766820261e-07
ibl,357.0034157403,8.395997614626612e-07
ibl,358.0034253082,8.516336022149358e-07
ibl,359.0034348761,8.472462315592523e-07
ibl,360.003444444,8.067754161999423e-07
ibl,361.00345401190003,7.721550319189196e-07
ibl,362.00346357980004,7.640066640685756e-07
ibl,363.00347314770005,7.400126589057323e-07
ibl,364.0034827156,7.132771138911279e-07
ibl,365.0034922835,6.83247950810971e-07
ibl,366.0035018514,6.804074918968148e-07
ibl,367.0035114193,6.709705999042658e-07
ibl,368.00352098720003,6.459489788092517e-07
ibl,369.00353055510004,6.163300895858853e-07
ibl,370.00354012300005,6.223407104475815e-07
ibl,371.0035496909,6.203475514262184e-07
ibl,372.0035592588,6.14254630689415e-07
ibl,373.0035688267,5.984811108536922e-07
ibl,374.0035783946,5.71373939802279e-07
ibl,375.00358796250003,5.464699378365029e-07
ibl,376.00359753040004,5.494121170893302e-07
ibl,377.00360709830005,5.192394771387313e-07
ibl,378.0036166662,5.267105008100109e-07
ibl,379.0036262341,5.276908146553184e-07
ibl,380.003635802,5.0502856312617e-07
ibl,381.0036453699,4.955143349477552e-07
ibl,382.00365493780004,4.930820266305501e-07
ibl,383.00366450570004,4.838200726499598e-07
ibl,384.0036740736,4.6921827209856133e-07
ibl,385.0036836415,4.6993662504811414e-07
ibl,386.0036932094,4.588797879104575e-07
ibl,387.0037027773,4.383460519573186e-07
ibl,388.00371234520003,4.335531072858602e-07
ibl,389.00372191310004,4.171106128475372e-07
ibl,390.00373148100005,4.138756088898666e-07
ibl,391.0037410489,4.114831244444935e-07
ibl,392.0037506168,4.1132644006442715e-07
ibl,393.0037601847,4.097228023914353e-07
ibl,394.0037697526,3.97539870769942e-07
ibl,395.00377932050003,3.843668599874156e-07
ibl,396.00378888840004,3.698135676870562e-07
ibl,397.00379845630005,3.588217482096512e-07
ibl,398.0038080242,3.5923822845961555e-07
ibl,399.0038175921,3.586353149133615e-07
ibl,400.00382716,3.5742594753534315e-07
ibl,401.0038367279,3.396847524621738e-07
ibl,402.00384629580003,3.374232009227336e-07
ibl,403.00385586370004,3.3625426568840207e-07
ibl,404.00386543160005,3.2871264474370593e-07
ibl,405.0038749995,3.2838559894310333e-07
ibl,406.0038845674,3.169218524751229e-07
ibl,407.0038941353,3.163632525219097e-07
ibl,408.0039037032,3.0747461993135186e-07
ibl,409.00391327110003,3.0152693275791567e-07
ibl,410.00392283900004,2.9238830035831967e-07
ibl,411.00393240690005,2.794834523775649e-07
ibl,412.0039419748,2.829300263416755e-07
ibl,413.0039515427,2.8839192585141756e-07
ibl,414.0039611106,2.799023212949377e-07
ibl,415.0039706785,2.699793502841395e-07
ibl,416.00398024640003,2.709863678980028e-07
ibl,417.00398981430004,2.732750545002627e-07
ibl,418.00399938220005,2.6799532403224336e-07
ibl,419.0040089501,2.655947839059573e-07
ibl,420.004018518,2.6605311587747235e-07
ibl,421.0040280859,2.5923109370609034e-07
ibl,422.0040376538,2.4957590007522086e-07
ibl,423.00404722170003,2.4930042364268915e-07
ibl,424.00405678960004,2.4198143955707274e-07
ibl,425.00406635750005,2.397434095026789e-07
ibl,426.0040759254,2.409700640317485e-07
ibl,427.0040854933,2.3423858024264929e-07
ibl,428.0040950612,2.269817004729596e-07
ibl,429.0041046291,2.233202110890847e-07
ibl,430.00411419700004,2.2162451136123062e-07
ibl,431.00412376490004,2.244886090484004e-07
ibl,432.00413333280005,2.2204251278962587e-07
ibl,433.0041429007,2.1157844359130098e-07
ibl,434.0041524686,2.1089847641313714e-07
ibl,435.0041620365,2.123860602074979e-07
ibl,436.0041716044,2.0569202627993677e-07
ibl,437.00418117230004,2.0177158803180294e-07
ibl,438.00419074020004,1.9794590084147564e-07
ibl,439.00420030810005,1.9691546848425585e-07
ibl,440.004209876,2.0395481101264838e-07
ibl,441.0042194439,1.9325268410689705e-07
ibl,442.0042290118,1.8397559026620414e-07
ibl,443.00423857970003,1.850201744408731e-07
ibl,444.00424814760004,1.814001752791143e-07
ibl,445.00425771550005,1.816014717921788e-07
ibl,446.00426728340005,1.7563200215626064e-07
ibl,447.0042768513,1.7137784913392318e-07
ibl,448.0042864192,1.7701784060805158e-07
ibl,449.0042959871,1.7812837794845404e-07
ibl,450.00430555500003,1.7584370054072163e-07
ibl,451.00431512290004,1.7220047505294644e-07
ibl,452.00432469080005,1.6754629714505424e-07
ibl,453.00433425870006,1.597777371479063e-07
ibl,454.0043438266,1.5958877658206698e-07
ibl,455.0043533945,1.5828914058770412e-07
ibl,456.0043629624,1.6055877569501905e-07
ibl,457.00437253030003,1.6632287816032405e-07
ibl,458.00438209820004,1.564930635536585e-07
ibl,459.00439166610005,1.4925170899820153e-07
ibl,460.00440123400006,1.4759679022998652e-07
ibl,461.0044108019,1.5013899252864082e-07
ibl,462.0044203698,1.4960279334884396e-07
ibl,463.0044299377,1.4322976888875178e-07
ibl,464.00443950560003,1.4239420410304886e-07
ibl,465.00444907350004,1.4187729601589853e-07
ibl,466.00445864140005,1.4132009949196255e-07
ibl,467.00446820930006,1.41057637585076e-07
ibl,468.0044777772,1.3530668309568552e-07
ibl,469.0044873451,1.3387654162566184e-07
ibl,470.004496913,1.3903375650814405e-07
ibl,471.00450648090003,1.4012045663279293e-07
ibl,472.00451604880004,1.374614855009321e-07
ibl,473.00452561670005,1.3130197491835524e-07
ibl,474.0045351846,1.290948700131599e-07
ibl,475.0045447525,1.3038921832005737e-07
ibl,476.0045543204,1.302077124704362e-07
ibl,477.0045638883,1.2774028688472312e-07
ibl,478.00457345620003,1.2693472014562594e-07
ibl,479.00458302410004,1.2329503106190683e-07
ibl,480.00459259200005,1.2302673446828028e-07
ibl,481.0046021599,1.2098057946964075e-07
ibl,482.0046117278,1.1837745457135066e-07
ibl,483.0046212957,1.1383460755014645e-07
ibl,484.0046308636,1.1607976034871445e-07
ibl,485.00464043150004,1.1628191277267728e-07
ibl,486.00464999940004,1.1544511344137129e-07
ibl,487.00465956730005,1.1349560172230211e-07
ibl,488.0046691352,1.1644425510997653e-07
ibl,489.0046787031,1.1182173908335732e-07
ibl,490.004688271,1.1026303905216443e-07
ibl,491.00469783890003,1.1049842483856647e-07
ibl,492.00470740680004,1.0719984419034165e-07
ibl,493.00471697470005,1.0284345753544862e-07
ibl,494.00472654260005,1.0267217177990378e-07
ibl,495.0047361105,1.028815661540312e-07
ibl,496.0047456784,1.048400280324163e-07
ibl,497.0047552463,1.0326159876452952e-07
ibl,498.00476481420003,1.013560943110769e-07
ibl,499.00477438210004,1.0062945327256076e-07
ibl,500.00478395000005,1.0108311823056497e-07
ibl,501.00479351790005,9.755497424592898e-08
ibl,502.0048030858,9.885168154982072e-08
ibl,503.0048126537,9.953610460195216e-08
ibl,504.0048222216,9.954775742108263e-08
ibl,505.00483178950003,9.508193596518557e-08
ibl,506.00484135740004,9.1423997487711e-08
ibl,507.00485092530005,9.459871938585035e-08
ibl,508.00486049320006,9.259737699682912e-08
ibl,509.0048700611,9.191827566795502e-08
ibl,510.004879629,8.855762560134042e-08
ibl,511.0048891969,8.646883152731703e-08
ibl,512.0048987648,8.654792289823036e-08
ibl,513.0049083327,8.79895499820708e-08
ibl,514.0049179006,8.674425351237775e-08
ibl,515.0049274685,8.630005598185781e-08
ibl,516.0049370364001,8.272042056719488e-08
ibl,517.0049466043,8.0141269416447e-08
ibl,518.0049561722001,7.945871358803893e-08
ibl,519.0049657401,7.751594975791595e-08
ibl,520.004975308,7.779565214742078e-08
ibl,521.0049848759,7.951526091597897e-08
ibl,522.0049944438,7.70257919647771e-08
ibl,523.0050040117001,7.490130602347105e-08
ibl,524.0050135796,7.319200847794627e-08
ibl,525.0050231475001,7.60732960590029e-08
ibl,526.0050327154,7.664634555330473e-08
ibl,527.0050422833,7.35738503661349e-08
ibl,528.0050518512,7.097855824771608e-08
ibl,529.0050614191,6.990570973311729e-08
ibl,530.0050709870001,6.972703023915858e-08
ibl,531.0050805549,6.849049475517466e-08
ibl,532.0050901228001,6.783946267301267e-08
ibl,533.0050996907,6.790626816913576e-08
ibl,534.0051092586,6.53420292407562e-08
ibl,535.0051188265,6.471846697165695e-08
ibl,536.0051283944,6.482922722848282e-08
ibl,537.0051379623001,6.444203879762813e-08
ibl,538.0051475302,6.493268055769259e-08
ibl,539.0051570981001,6.313642004044411e-08
ibl,540.005166666,6.315042309341038e-08
ibl,541.0051762339,6.302607237292343e-08
ibl,542.0051858018,6.478576627547949e-08
ibl,543.0051953697,6.274864874087e-08
ibl,544.0052049376001,5.85582550417467e-08
ibl,545.0052145055,5.7758622440554356e-08
ibl,546.0052240734001,5.851412639775705e-08
ibl,547.0052336413,5.7110959351929634e-08
ibl,548.0052432092,5.489369157962668e-08
ibl,549.0052527771,5.4878038927085e-08
ibl,550.005262345,5.419004019325769e-08
ibl,551.0052719129001,5.3001773882411036e-08
ibl,552.0052814808,5.3452233342247824e-08
ibl,553.0052910487001,5.264540620758994e-08
ibl,554.0053006166,5.176070052675542e-08
ibl,555.0053101845,5.043560547060533e-08
ibl,556.0053197524,5.054401472950629e-08
ibl,557.0053293203,5.070949331838154e-08
ibl,558.0053388882001,4.860835195330223e-08
ibl,559.0053484561,4.664815065479074e-08
ibl,560.0053580240001,4.8587679884053176e-08
ibl,561.0053675919,4.744459871817468e-08
ibl,562.0053771598,4.667152757041285e-08
ibl,563.0053867277,4.6791258601607144e-08
ibl,564.0053962956,4.692165726178808e-08
ibl,565.0054058635001,4.700966922416602e-08
ibl,566.0054154314,4.43815797198191e-08
ibl,567.0054249993001,4.230535883080448e-08
ibl,568.0054345672,4.366457552408437e-08
ibl,569.0054441351,4.487618849888496e-08
ibl,570.0054537030001,4.359340489460405e-08
ibl,571.0054632709,4.193367953377983e-08
ibl,572.0054728388001,4.057393290023941e-08
ibl,573.0054824067,4.1017718391947986e-08
ibl,574.0054919746001,4.1561693114475394e-08
ibl,575.0055015425,3.945343238665374e-08
ibl,576.0055111104,3.9828922148695324e-08
ibl,577.0055206783001,4.0513906293331974e-08
ibl,578.0055302462,3.892625630748673e-08
ibl,579.0055398141001,3.773531693453771e-08
ibl,580.005549382,3.80713184208198e-08
ibl,581.0055589499001,3.853368255080165e-08
ibl,582.0055685178,3.808998436679058e-08
ibl,583.0055780857,3.568122458366014e-08
ibl,584.0055876536001,3.4663304653728496e-08
ibl,585.0055972215,3.5922203425707845e-08
ibl,586.0056067894001,3.6808160970694595e-08
ibl,587.0056163573,3.4589940052453516e-08
ibl,588.0056259252001,3.3536334129621224e-08
ibl,589.0056354931,3.393385900141472e-08
ibl,590.005645061,3.3103902243574414e-08
ibl,591.0056546289001,3.2978974108393435e-08
ibl,592.0056641968,3.2527428777217376e-08
ibl,593.0056737647001,3.195722093243987e-08
ibl,594.0056833326,3.2669047016910276e-08
ibl,595.0056929005001,3.141268741673577e-08
ibl,596.0057024684,3.112885890728076e-08
ibl,597.0057120363,3.029584434143549e-08
ibl,598.0057216042001,3.035076690902618e-08
ibl,599.0057311721,2.962544918689545e-08
ibl,600.0057407400001,2.9378819612749775e-08
ibl,601.0057503079,3.017893527585681e-08
ibl,602.0057598758,2.999556004130712e-08
ibl,603.0057694437,2.9483214901218554e-08
ibl,604.0057790116,2.9548325215591113e-08
ibl,605.0057885795001,2.911857466937749e-08
ibl,606.0057981474,2.801117462377857e-08
ibl,607.0058077153001,2.842317336259376e-08
ibl,608.0058172832,2.9553129630839598e-08
ibl,609.0058268511,2.8552735858109464e-08
ibl,610.005836419,2.7757667071290266e-08
ibl,611.0058459869,2.8532844002038502e-08
ibl,612.0058555548001,2.8098559940326447e-08
ibl,613.0058651227,2.78176915881386e-08
ibl,614.0058746906001,2.7667281518560187e-08
ibl,615.0058842585,2.711901498909802e-08
ibl,616.0058938264,2.7551844367758628e-08
ibl,617.0059033943,2.757672694132377e-08
ibl,618.0059129622,2.669883574381826e-08
ibl,619.0059225301001,2.68991212456041e-08
ibl,620.005932098,2.672284781475885e-08
ibl,621.0059416659001,2.6384383552456196e-08
ibl,622.0059512338,2.596159970460616e-08
ibl,623.0059608017,2.592326578310929e-08
ibl,624.0059703696,2.6456478753410626e-08
ibl,625.0059799375,1.3545252909273204e-08
allen,0.0,0.00845977107603296
allen,0.9999989132217362,0.043506740581706935
allen,1.9999978264434723,0.05789407453598957
allen,2.9999967396652085,0.05602272303088264
allen,3.9999956528869447,0.060139371045259654
allen,4.999994566108681,0.06944894369819048
allen,5.999993479330417,0.09577165475908714
allen,6.999992392552153,0.12428673276111107
allen,7.999991305773889,0.07472565725892595
allen,8.999990218995626,0.038485522040587014
allen,9.999989132217362,0.02606795226779588
allen,10.999988045439098,0.01954669746822193
allen,11.999986958660834,0.01659303085580621
allen,12.99998587188257,0.015055913619219938
allen,13.999984785104306,0.013773682312770317
allen,14.999983698326043,0.012043390871878662
allen,15.999982611547779,0.010623227151888728
allen,16.999981524769517,0.009143499035820828
allen,17.99998043799125,0.00831133385009383
allen,18.999979351212986,0.007573741929014654
allen,19.999978264434723,0.007212941557656983
allen,20.99997717765646,0.006796683244064478
allen,21.999976090878196,0.006148590804810846
allen,22.99997500409993,0.005689925976360294
allen,23.999973917321668,0.005432536323215009
allen,24.999972830543406,0.005198953849280813
allen,25.99997174376514,0.005007501439307541
allen,26.999970656986875,0.004843081452454145
allen,27.999969570208613,0.004885654910234898
allen,28.99996848343035,0.004648222688185019
allen,29.999967396652085,0.004319666146523042
allen,30.99996630987382,0.004105965673985716
allen,31.999965223095558,0.003993683908347266
allen,32.999964136317296,0.0038996660728601615
allen,33.99996304953903,0.003714704004698764
allen,34.999961962760764,0.0036498305950758494
allen,35.9999608759825,0.003746597068843667
allen,36.99995978920424,0.0035870481109606055
allen,37.99995870242597,0.0035170509107647443
allen,38.99995761564771,0.0033447728400226875
allen,39.99995652886945,0.003122329838656599
allen,40.999955442091185,0.0031046172764076455
allen,41.99995435531292,0.0030570695914903592
allen,42.999953268534654,0.003038298959107955
allen,43.99995218175639,0.002850045019602018
allen,44.99995109497813,0.0028658287040551943
allen,45.99995000819986,0.002806168592902861
allen,46.9999489214216,0.0027582254112511213
allen,47.999947834643336,0.002667749779331677
allen,48.999946747865074,0.002489404996802557
allen,49.99994566108681,0.002495907608721414
allen,50.99994457430854,0.002382307412419835
allen,51.99994348753028,0.002295789068663557
allen,52.99994240075202,0.0023096136624578866
allen,53.99994131397375,0.0022645792449236157
allen,54.99994022719549,0.0021754983644245375
allen,55.999939140417226,0.0020523430809499827
allen,56.999938053638964,0.0020467159529160297
allen,57.9999369668607,0.0019965443079945208
allen,58.99993588008243,0.001913051074573988
allen,59.99993479330417,0.0019346409679788202
allen,60.99993370652591,0.0016493197588465496
allen,61.99993261974764,0.0015060637876449276
allen,62.99993153296938,0.0014192683987377457
allen,63.999930446191115,0.001346380168829443
allen,64.99992935941285,0.0012686049112469071
allen,65.99992827263459,0.0012199240810533468
allen,66.99992718585632,0.0011450624364589845
allen,67.99992609907807,0.001074558984367977
allen,68.9999250122998,0.0010099102126693515
allen,69.99992392552153,0.000958435327297021
allen,70.99992283874327,0.0008982245884465032
allen,71.999921751965,0.0008506804057573974
allen,72.99992066518674,0.0008199829349967508
allen,73.99991957840848,0.0007847215001367487
allen,74.99991849163021,0.0007698911753332456
allen,75.99991740485194,0.0007463858932615697
allen,76.99991631807369,0.0007323559666838585
allen,77.99991523129542,0.000693995760329642
allen,78.99991414451716,0.0006465397704262471
allen,79.9999130577389,0.00062417672795665
allen,80.99991197096062,0.0006257006995406073
allen,81.99991088418237,0.0005933621621160755
allen,82.9999097974041,0.0005734059056061918
allen,83.99990871062585,0.0005575009578681345
allen,84.99990762384758,0.000538880369195785
allen,85.99990653706931,0.0005260045841713653
allen,86.99990545029105,0.0005050964472405048
allen,87.99990436351278,0.0004868472479710236
allen,88.99990327673451,0.00046384823659372513
allen,89.99990218995626,0.0004445110500891905
allen,90.99990110317799,0.0004342336807216523
allen,91.99990001639972,0.00042911776148564095
allen,92.99989892962147,0.0004311012440255538
allen,93.9998978428432,0.0004206369423701292
allen,94.99989675606494,0.00046797981498702154
allen,95.99989566928667,0.0004137938886455494
allen,96.9998945825084,0.00037008047144401215
allen,97.99989349573015,0.0003607080919907453
allen,98.99989240895188,0.00035530232426408384
allen,99.99989132217362,0.0003462709431388908
allen,100.99989023539536,0.0003438862022663967
allen,101.99988914861709,0.00033007428640106164
allen,102.99988806183883,0.0003220182534106942
allen,103.99988697506056,0.00031451545158542494
allen,104.9998858882823,0.0003132245783509922
allen,105.99988480150404,0.00030447606782813534
allen,106.99988371472577,0.000293444016555688
allen,107.9998826279475,0.0002911988852629811
allen,108.99988154116924,0.0002891904398083495
allen,109.99988045439098,0.0002782856880765285
allen,110.99987936761272,0.0002675966156989251
allen,111.99987828083445,0.000264428777627467
allen,112.99987719405618,0.000255963819630091
allen,113.99987610727793,0.00025151192778875543
allen,114.99987502049966,0.00024311984317348427
allen,115.9998739337214,0.00024462356289837805
allen,116.99987284694313,0.00024050032411818814
allen,117.99987176016487,0.00023534488104908285
allen,118.99987067338661,0.00023534414213539364
allen,119.99986958660834,0.0002499487577441514
allen,120.99986849983007,0.0002303060289688268
allen,121.99986741305182,0.00021450598349756494
allen,122.99986632627355,0.00020971165053720121
allen,123.99986523949528,0.00020995682728999307
allen,124.99986415271702,0.00020386638606536753
allen,125.99986306593875,0.00019797083378843275
allen,126.9998619791605,0.00019930075358421445
allen,127.99986089238223,0.00019349509202964905
allen,128.99985980560396,0.00018977295674360104
allen,129.9998587188257,0.00018476086412056266
allen,130.99985763204745,0.00018088689327493116
allen,131.99985654526918,0.00018010378536910073
allen,132.9998554584909,0.00017560346203861546
allen,133.99985437171264,0.0001733014791427278
allen,134.99985328493437,0.00016963596378183717
allen,135.99985219815613,0.0001678558669936053
allen,136.99985111137786,0.00016702007477129537
allen,137.9998500245996,0.00016463358339173278
allen,138.99984893782133,0.00016000098918032387
allen,139.99984785104306,0.000157117199631618
allen,140.9998467642648,0.0001530392903740033
allen,141.99984567748655,0.00015133038580503812
allen,142.99984459070828,0.000153609543030535
allen,143.99984350393,0.00014819640218669957
allen,144.99984241715174,0.0001465647909890726
allen,145.99984133037347,0.00014423158204239443
allen,146.99984024359523,0.00014223360929932832
allen,147.99983915681696,0.00014162144855691585
allen,148.9998380700387,0.00013934687847421792
allen,149.99983698326042,0.0001378086615646986
allen,150.99983589648215,0.00013318695998870057
allen,151.99983480970388,0.00013146484415924218
allen,152.99983372292564,0.00013300546782337743
allen,153.99983263614737,0.00013123065547165086
allen,154.9998315493691,0.00012962955312521347
allen,155.99983046259084,0.00012692446677116612
allen,156.99982937581257,0.00012382517126315978
allen,157.99982828903433,0.00012163507650429794
allen,158.99982720225606,0.00012142054757597976
allen,159.9998261154778,0.00012068266925249455
allen,160.99982502869952,0.00011700998423477924
allen,161.99982394192125,0.00011633184495766386
allen,162.999822855143,0.00011444965460789773
allen,163.99982176836474,0.0001121541280457307
allen,164.99982068158647,0.0001229599959802458
allen,165.9998195948082,0.0001618085937937016
allen,166.99981850802993,0.00013404846762865292
allen,167.9998174212517,0.00010982903178669533
allen,168.99981633447342,0.00010820580032979812
allen,169.99981524769515,0.00010676078986996293
allen,170.99981416091688,0.00010560166716993741
allen,171.99981307413861,0.00010506423299872925
allen,172.99981198736035,0.00010323021633775129
allen,173.9998109005821,0.00010310235228113925
allen,174.99980981380384,0.0001048119688341179
allen,175.99980872702557,0.00010171391261415308
allen,176.9998076402473,9.999283171812199e-05
allen,177.99980655346903,0.00010185699743677084
allen,178.9998054666908,9.990723583467171e-05
allen,179.99980437991252,0.00011404717597863534
allen,180.99980329313425,0.00010087822423949448
allen,181.99980220635598,9.652689732056688e-05
allen,182.9998011195777,9.735459719093088e-05
allen,183.99980003279944,9.596962223466977e-05
allen,184.9997989460212,9.391749765874143e-05
allen,185.99979785924293,9.479185085008376e-05
allen,186.99979677246466,9.651612385724366e-05
allen,187.9997956856864,9.362063212982867e-05
allen,188.99979459890812,0.000118661413900003
allen,189.99979351212988,0.0005682913255633175
allen,190.99979242535161,0.00048563000502073895
allen,191.99979133857335,0.00010063634632385915
allen,192.99979025179508,8.9214407409091e-05
allen,193.9997891650168,8.718400209016942e-05
allen,194.99978807823857,8.764319563602295e-05
allen,195.9997869914603,9.148163033785217e-05
allen,196.99978590468203,8.942254306661831e-05
allen,197.99978481790376,8.556121168615668e-05
allen,198.9997837311255,8.538028266498038e-05
allen,199.99978264434725,8.721111909418051e-05
allen,200.99978155756898,8.760360716691398e-05
allen,201.9997804707907,8.750871561374554e-05
allen,202.99977938401244,8.435377390087345e-05
allen,203.99977829723417,8.432755720477361e-05
allen,204.9997772104559,8.523055686007331e-05
allen,205.99977612367766,8.163338676102475e-05
allen,206.9997750368994,8.377251751198509e-05
allen,207.99977395012112,8.319138271071246e-05
allen,208.99977286334286,8.104964069565417e-05
allen,209.9997717765646,8.153344924068538e-05
allen,210.99977068978635,7.964407625406345e-05
allen,211.99976960300808,7.888781094718221e-05
allen,212.9997685162298,8.394762595434404e-05
allen,213.99976742945154,0.00013297637661487092
allen,214.99976634267327,0.00016399757322131534
allen,215.999765255895,9.451233220656971e-05
allen,216.99976416911676,8.062861753978331e-05
allen,217.9997630823385,7.983775866668568e-05
allen,218.99976199556022,7.845691651921838e-05
allen,219.99976090878195,7.997177582833373e-05
allen,220.99975982200368,7.91703627914463e-05
allen,221.99975873522544,7.99393501778879e-05
allen,222.99975764844717,7.752470385422195e-05
allen,223.9997565616689,7.564410378479266e-05
allen,224.99975547489063,7.689275496255288e-05
allen,225.99975438811236,7.780899594401332e-05
allen,226.99975330133412,7.572161086942272e-05
allen,227.99975221455585,7.78589945786185e-05
allen,228.99975112777759,8.142965467466445e-05
allen,229.99975004099932,7.970289756533665e-05
allen,230.99974895422105,7.941121545418794e-05
allen,231.9997478674428,8.011778136243896e-05
allen,232.99974678066454,7.779030805380685e-05
allen,233.99974569388627,7.925571813646735e-05
allen,234.999744607108,7.870698386364371e-05
allen,235.99974352032973,7.799088246266196e-05
allen,236.99974243355146,8.130943997123789e-05
allen,237.99974134677322,9.505708912353321e-05
allen,238.99974025999495,8.343520158294175e-05
allen,239.99973917321668,8.177781567717091e-05
allen,240.9997380864384,7.81215662504052e-05
allen,241.99973699966014,7.59829593424746e-05
allen,242.9997359128819,7.643884989852999e-05
allen,243.99973482610363,7.848766903438128e-05
allen,244.99973373932536,7.722421559890932e-05
allen,245.9997326525471,7.731342034684783e-05
allen,246.99973156576883,7.479622767240234e-05
allen,247.99973047899056,7.377545190107907e-05
allen,248.99972939221232,7.512735384998654e-05
allen,249.99972830543405,7.995302528822191e-05
allen,250.99972721865578,8.105270071579205e-05
allen,251.9997261318775,7.739266099948942e-05
allen,252.99972504509924,7.420183825419527e-05
allen,253.999723958321,7.513295725449373e-05
allen,254.99972287154273,7.427040567160261e-05
allen,255.99972178476446,7.468613627234955e-05
allen,256.9997206979862,7.499172159537272e-05
allen,257.9997196112079,7.502226619011158e-05
allen,258.9997185244297,7.656720937667739e-05
allen,259.9997174376514,7.725405160148379e-05
allen,260.99971635087314,8.168883762942942e-05
allen,261.9997152640949,8.228612217585834e-05
allen,262.9997141773166,7.742163337012816e-05
allen,263.99971309053836,7.264544312716327e-05
allen,264.99971200376007,7.290489431195482e-05
allen,265.9997109169818,7.354351008934802e-05
allen,266.9997098302036,7.557074696610949e-05
allen,267.9997087434253,7.506452208585338e-05
allen,268.99970765664705,7.489895921320305e-05
allen,269.99970656986875,7.542672240903378e-05
allen,270.9997054830905,7.693599908514137e-05
allen,271.99970439631227,7.417051582671361e-05
allen,272.99970330953397,7.607527267999323e-05
allen,273.99970222275573,7.610210760654131e-05
allen,274.99970113597743,7.690191265333359e-05
allen,275.9997000491992,7.636295933129452e-05
allen,276.9996989624209,8.004044252455186e-05
allen,277.99969787564265,8.12175170098578e-05
allen,278.9996967888644,7.729157759722062e-05
allen,279.9996957020861,7.644524417296217e-05
allen,280.9996946153079,7.723239523391766e-05
allen,281.9996935285296,7.619592605592644e-05
allen,282.99969244175134,7.63373704464657e-05
allen,283.9996913549731,7.908231742472804e-05
allen,284.9996902681948,9.018547651345314e-05
allen,285.99968918141656,9.27823120029193e-05
allen,286.99968809463826,7.600334630363377e-05
allen,287.99968700786,7.231242595127194e-05
allen,288.9996859210818,7.657608618744234e-05
allen,289.9996848343035,7.808828657664703e-05
allen,290.99968374752524,8.025892222283029e-05
allen,291.99968266074694,7.823764313513311e-05
allen,292.9996815739687,7.727939075572899e-05
allen,293.99968048719046,7.421282874693111e-05
allen,294.99967940041216,7.675001946460207e-05
allen,295.9996783136339,7.646322606817498e-05
allen,296.9996772268556,7.927491819761206e-05
allen,297.9996761400774,8.226318199024318e-05
allen,298.99967505329914,8.232769186419118e-05
allen,299.99967396652085,0.00012106311052029664
allen,300.9996728797426,9.884956855306718e-05
allen,301.9996717929643,8.365524209698525e-05
allen,302.99967070618607,8.224550457849815e-05
allen,303.99966961940777,8.09702154472784e-05
allen,304.9996685326295,7.645274188557066e-05
allen,305.9996674458513,7.572701041732891e-05
allen,306.999666359073,7.420198528419604e-05
allen,307.99966527229475,7.715965422684369e-05
allen,308.99966418551645,8.30439854360997e-05
allen,309.9996630987382,8.7946373846198e-05
allen,310.99966201195997,8.045604361507751e-05
allen,311.9996609251817,8.28642061725412e-05
allen,312.99965983840343,8.076156669219256e-05
allen,313.99965875162513,7.669909041170268e-05
allen,314.9996576648469,7.614920471228069e-05
allen,315.99965657806865,7.688492904708146e-05
allen,316.99965549129035,7.746723336489499e-05
allen,317.9996544045121,7.979724034051211e-05
allen,318.9996533177338,7.73889291268825e-05
allen,319.9996522309556,8.29637353500048e-05
allen,320.99965114417734,9.795701518558812e-05
allen,321.99965005739904,7.842606265368394e-05
allen,322.9996489706208,7.668847028631728e-05
allen,323.9996478838425,7.632705158500306e-05
allen,324.99964679706426,7.913400971916798e-05
allen,325.999645710286,8.033241330016562e-05
allen,326.9996446235077,8.168873510393573e-05
allen,327.9996435367295,8.029046854619583e-05
allen,328.9996424499512,8.113655497091539e-05
allen,329.99964136317294,8.098489544104946e-05
allen,330.9996402763947,7.592666595982314e-05
allen,331.9996391896164,8.11374729758678e-05
allen,332.99963810283816,0.00011885843445376977
allen,333.99963701605986,0.00010179524182382625
allen,334.9996359292816,7.891199017045713e-05
allen,335.9996348425034,7.584327481991396e-05
allen,336.9996337557251,7.515754888905735e-05
allen,337.99963266894684,7.582445244749277e-05
allen,338.99963158216855,7.78740270193922e-05
allen,339.9996304953903,7.641043021180296e-05
allen,340.999629408612,7.594511168400074e-05
allen,341.99962832183377,7.527611374783182e-05
allen,342.9996272350555,7.421882762933927e-05
allen,343.99962614827723,7.480230045234579e-05
allen,344.999625061499,7.884337083560524e-05
allen,345.9996239747207,8.007534248376189e-05
allen,346.99962288794245,7.871192159103191e-05
allen,347.9996218011642,7.602870325350724e-05
allen,348.9996207143859,7.758645587915844e-05
allen,349.9996196276077,7.9821857078156e-05
allen,350.9996185408294,8.155317521102657e-05
allen,351.99961745405113,7.835382615642081e-05
allen,352.9996163672729,7.298871910251457e-05
allen,353.9996152804946,7.36954734665023e-05
allen,354.99961419371635,7.985854141142523e-05
allen,355.99961310693806,8.975223862285249e-05
allen,356.9996120201598,9.643802623241735e-05
allen,357.9996109333816,8.033686465484293e-05
allen,358.9996098466033,7.693121439787596e-05
allen,359.99960875982504,7.766922556527661e-05
allen,360.99960767304674,7.677532020611688e-05
allen,361.9996065862685,7.809406120485234e-05
allen,362.99960549949026,7.890819207955018e-05
allen,363.99960441271196,7.881338402677602e-05
allen,364.9996033259337,7.686940096104032e-05
allen,365.9996022391554,7.195228502996624e-05
allen,366.9996011523772,7.587710690028222e-05
allen,367.9996000655989,7.767917217941019e-05
allen,368.99959897882064,7.800217697981587e-05
allen,369.9995978920424,7.832708100080553e-05
allen,370.9995968052641,8.335202790919436e-05
allen,371.99959571848586,8.061385019724477e-05
allen,372.99959463170757,7.854857172540731e-05
allen,373.9995935449293,7.836210563898293e-05
allen,374.9995924581511,8.007182519495966e-05
allen,375.9995913713728,7.848266424906467e-05
allen,376.99959028459455,7.840671572778668e-05
allen,377.99958919781625,8.365313728664517e-05
allen,378.999588111038,8.947360613638409e-05
allen,379.99958702425977,0.001627883381396398
allen,380.99958593748147,0.004166302838379343
allen,381.99958485070323,0.0007460581526357566
allen,382.99958376392493,8.283225545158132e-05
allen,383.9995826771467,7.826067422900277e-05
allen,384.99958159036845,7.774740066838515e-05
allen,385.99958050359015,7.84707374878893e-05
allen,386.9995794168119,7.968806297385802e-05
allen,387.9995783300336,8.216708361645384e-05
allen,388.9995772432554,7.685878612218081e-05
allen,389.99957615647713,7.464348223000328e-05
allen,390.99957506969884,7.910939821518776e-05
allen,391.9995739829206,8.25654990980467e-05
allen,392.9995728961423,8.302470949901139e-05
allen,393.99957180936406,7.878081668818514e-05
allen,394.9995707225858,7.84391982190422e-05
allen,395.9995696358075,7.83795497989312e-05
allen,396.9995685490293,7.329237348560933e-05
allen,397.999567462251,7.303308066489552e-05
allen,398.99956637547274,7.552370345700094e-05
allen,399.9995652886945,7.843894059979037e-05
allen,400.9995642019162,7.738795863080848e-05
allen,401.99956311513796,8.072931009645803e-05
allen,402.99956202835966,8.53348813031351e-05
allen,403.9995609415814,9.448054864914462e-05
allen,404.9995598548031,0.00010173027205394186
allen,405.9995587680249,8.281292231649054e-05
allen,406.99955768124664,7.604442444676786e-05
allen,407.99955659446834,7.708890801355556e-05
allen,408.9995555076901,7.452937446106307e-05
allen,409.9995544209118,7.534588507957124e-05
allen,410.99955333413357,7.567386866058856e-05
allen,411.9995522473553,7.729463983673796e-05
allen,412.999551160577,8.148794256996204e-05
allen,413.9995500737988,7.995171517863443e-05
allen,414.9995489870205,7.710475632341415e-05
allen,415.99954790024225,8.202608325476782e-05
allen,416.999546813464,8.198992680879424e-05
allen,417.9995457266857,8.233576990238803e-05
allen,418.99954463990747,8.151354551285786e-05
allen,419.9995435531292,8.50067755232884e-05
allen,420.99954246635093,8.205546471308498e-05
allen,421.9995413795727,7.866611902565655e-05
allen,422.9995402927944,8.033932503393781e-05
allen,423.99953920601615,7.987730024464236e-05
allen,424.99953811923785,7.745098973359621e-05
allen,425.9995370324596,7.744839910524144e-05
allen,426.9995359456814,7.931749992189847e-05
allen,427.9995348589031,0.00011283363719370945
allen,428.99953377212483,0.000113136689457805
allen,429.99953268534654,8.67129306425271e-05
allen,430.9995315985683,7.914297744771545e-05
allen,431.99953051179,7.655492474951374e-05
allen,432.99952942501176,7.776280238083366e-05
allen,433.9995283382335,8.265060069632346e-05
allen,434.9995272514552,8.274455252923443e-05
allen,435.999526164677,7.861121083599211e-05
allen,436.9995250778987,7.68426704065848e-05
allen,437.99952399112044,7.779969886616593e-05
allen,438.9995229043422,7.889613805665293e-05
allen,439.9995218175639,8.760454569794715e-05
allen,440.99952073078566,0.00010509219080345676
allen,441.99951964400736,8.341344603010926e-05
allen,442.9995185572291,7.830725219621195e-05
allen,443.9995174704509,8.176337474556854e-05
allen,444.9995163836726,8.130481786028266e-05
allen,445.99951529689434,7.842066461291807e-05
allen,446.99951421011605,8.09333106785783e-05
allen,447.9995131233378,7.813087512511826e-05
allen,448.99951203655957,8.031048045578472e-05
allen,449.99951094978127,7.990273915097702e-05
allen,450.999509863003,7.70033529590003e-05
allen,451.99950877622473,8.086371518006843e-05
allen,452.9995076894465,8.037354459984189e-05
allen,453.99950660266825,7.709414170471112e-05
allen,454.99950551588995,7.891146662070852e-05
allen,455.9995044291117,8.08050235600991e-05
allen,456.9995033423334,8.094415489368679e-05
allen,457.99950225555517,8.107125584571356e-05
allen,458.99950116877693,7.510588714580532e-05
allen,459.99950008199863,7.607913528559054e-05
allen,460.9994989952204,8.226621100769377e-05
allen,461.9994979084421,8.275252119124459e-05
allen,462.99949682166385,7.81492588299656e-05
allen,463.9994957348856,8.006333806298111e-05
allen,464.9994946481073,7.563707960652932e-05
allen,465.9994935613291,7.054995955583235e-05
allen,466.9994924745508,7.396639757577981e-05
allen,467.99949138777254,7.869883948297354e-05
allen,468.99949030099424,8.030425692918063e-05
allen,469.999489214216,7.987183941368131e-05
allen,470.99948812743776,7.90554224116437e-05
allen,471.99948704065946,7.903341386419271e-05
allen,472.9994859538812,7.614092413191746e-05
allen,473.9994848671029,7.473642933817722e-05
allen,474.9994837803247,8.490131777318017e-05
allen,475.99948269354644,0.00011965511308277426
allen,476.99948160676814,9.535269443478624e-05
allen,477.9994805199899,7.805957265315532e-05
allen,478.9994794332116,7.780625949030876e-05
allen,479.99947834643336,8.08711274511305e-05
allen,480.9994772596551,8.126675172623205e-05
allen,481.9994761728768,8.293899181602353e-05
allen,482.9994750860986,7.865930680442493e-05
allen,483.9994739993203,7.931751493686658e-05
allen,484.99947291254205,8.210850198486913e-05
allen,485.9994718257638,8.598314060725841e-05
allen,486.9994707389855,8.525318553030879e-05
allen,487.99946965220727,8.895135969512885e-05
allen,488.99946856542897,8.751052163269951e-05
allen,489.99946747865073,8.240199449668445e-05
allen,490.9994663918725,8.325626136391012e-05
allen,491.9994653050942,8.248272063433149e-05
allen,492.99946421831595,7.91078970353219e-05
allen,493.99946313153765,7.466789553755433e-05
allen,494.9994620447594,7.598992318757006e-05
allen,495.9994609579811,8.124151051597363e-05
allen,496.9994598712029,8.838661544875244e-05
allen,497.99945878442463,8.460246353724051e-05
allen,498.99945769764633,8.235813914693424e-05
allen,499.9994566108681,8.788466882135431e-05
allen,500.9994555240898,9.403416425349285e-05
allen,501.99945443731156,8.085498005185478e-05
allen,502.9994533505333,7.768170833759687e-05
allen,503.999452263755,7.23668299420876e-05
allen,504.9994511769768,6.939715204890396e-05
allen,505.9994500901985,7.262767318280253e-05
allen,506.99944900342024,7.337862665019296e-05
allen,507.999447916642,7.177990492863686e-05
allen,508.9994468298637,6.599702534042244e-05
allen,509.99944574308546,6.318211964954721e-05
allen,510.99944465630716,6.789001855566464e-05
allen,511.9994435695289,6.229445895026734e-05
allen,512.9994424827506,5.469481514698196e-05
allen,513.9994413959724,5.234418371143405e-05
allen,514.9994403091941,5.385739276585568e-05
allen,515.9994392224158,4.976475482805956e-05
allen,516.9994381356375,4.421178747685313e-05
allen,517.9994370488594,4.153855698603592e-05
allen,518.9994359620811,4.087903695280568e-05
allen,519.9994348753028,3.604820341907349e-05
allen,520.9994337885246,3.291331675246763e-05
allen,521.9994327017463,3.1073144885239343e-05
allen,522.999431614968,3.076289103294376e-05
allen,523.9994305281898,3.0198994760553628e-05
allen,524.9994294414115,2.297066201986263e-05
allen,525.9994283546332,2.001684911358696e-05
allen,526.9994272678549,1.804565335099255e-05
allen,527.9994261810767,1.652792147231932e-05
allen,528.9994250942984,1.4406580319779668e-05
allen,529.9994240075201,1.2716240926244507e-05
allen,530.999422920742,1.1465479275313506e-05
allen,531.9994218339637,1.0225097326235664e-05
allen,532.9994207471854,9.29477295752793e-06
allen,533.9994196604072,8.650631573344093e-06
allen,534.9994185736289,7.901389472251278e-06
allen,535.9994174868506,7.405172100888901e-06
allen,536.9994164000723,6.654476757788225e-06
allen,537.9994153132941,6.3084888642853325e-06
allen,538.9994142265158,5.833758951287905e-06
allen,539.9994131397375,5.328619940760923e-06
allen,540.9994120529593,4.952251867894076e-06
allen,541.999410966181,4.563311494104608e-06
allen,542.9994098794027,4.461241838187805e-06
allen,543.9994087926245,4.262839357693531e-06
allen,544.9994077058462,4.026341941308311e-06
allen,545.9994066190679,6.08896646021913e-06
allen,546.9994055322896,1.0353557242351447e-05
allen,547.9994044455115,5.124041248423634e-06
allen,548.9994033587332,3.5549748530845915e-06
allen,549.9994022719549,3.232795034746905e-06
allen,550.9994011851767,3.080588919485539e-06
allen,551.9994000983984,3.085890241395844e-06
allen,552.9993990116201,3.144232567768992e-06
allen,553.9993979248418,3.0978041595240074e-06
allen,554.9993968380636,3.050155814003772e-06
allen,555.9993957512853,2.9782587349659783e-06
allen,556.999394664507,3.0199118177780193e-06
allen,557.9993935777288,3.0904820947466836e-06
allen,558.9993924909505,2.983375187458252e-06
allen,559.9993914041722,2.8338164022558623e-06
allen,560.999390317394,2.822997785089914e-06
allen,561.9993892306157,2.755291856388958e-06
allen,562.9993881438375,2.9735472055367678e-06
allen,563.9993870570592,2.966680387709078e-06
allen,564.999385970281,2.6897719191501107e-06
allen,565.9993848835027,2.704858694170263e-06
allen,566.9993837967244,2.9299985339816968e-06
allen,567.9993827099462,2.971236090084144e-06
allen,568.9993816231679,3.1496230608094083e-06
allen,569.9993805363896,3.6143018603841267e-06
allen,570.9993794496114,4.761329999330465e-06
allen,571.9993783628331,4.012582583893219e-06
allen,572.9993772760548,2.9792977548876513e-06
allen,573.9993761892765,2.770979021148285e-06
allen,574.9993751024983,2.8249146739503693e-06
allen,575.99937401572,2.8620503361941212e-06
allen,576.9993729289417,2.839875028033449e-06
allen,577.9993718421636,2.745120651351761e-06
allen,578.9993707553853,2.8021594848235016e-06
allen,579.999369668607,2.8663094121647325e-06
allen,580.9993685818287,2.807663132040673e-06
allen,581.9993674950505,2.769648681482657e-06
allen,582.9993664082722,2.7038120078781977e-06
allen,583.9993653214939,2.758312491330232e-06
allen,584.9993642347157,2.7302508037917614e-06
allen,585.9993631479374,2.808207853408728e-06
allen,586.9993620611591,2.8592440282129218e-06
allen,587.9993609743809,2.594588206883925e-06
allen,588.9993598876026,2.7563803168633275e-06
allen,589.9993588008243,2.8436374240063265e-06
allen,590.999357714046,2.860051829467421e-06
allen,591.9993566272678,2.8270412373598698e-06
allen,592.9993555404895,2.6903601748934138e-06
allen,593.9993544537112,2.697453044482135e-06
allen,594.9993533669331,2.9841875366409827e-06
allen,595.9993522801548,3.173017404499833e-06
allen,596.9993511933765,3.012264838386265e-06
allen,597.9993501065983,2.8905649463431568e-06
allen,598.99934901982,2.87469603488332e-06
allen,599.9993479330417,2.7447436950090683e-06
allen,600.9993468462634,2.8163188145009127e-06
allen,601.9993457594852,2.775753970964731e-06
allen,602.9993446727069,2.6975517977169263e-06
allen,603.9993435859286,2.704878084058707e-06
allen,604.9993424991504,2.6941458332864707e-06
allen,605.9993414123721,2.618617045294535e-06
allen,606.9993403255938,2.744550936288309e-06
allen,607.9993392388155,2.6689450519642856e-06
allen,608.9993381520374,2.5924457915341345e-06
allen,609.999337065259,2.6756404379473965e-06
allen,610.9993359784808,2.6934314398695243e-06
allen,611.9993348917026,2.614596759861587e-06
allen,612.9993338049243,2.6912253851510084e-06
allen,613.999332718146,2.7568156848976035e-06
allen,614.9993316313678,2.6756373006023176e-06
allen,615.9993305445895,2.6046030628158608e-06
allen,616.9993294578112,2.6936649007178412e-06
allen,617.9993283710329,2.8718830610690783e-06
allen,618.9993272842547,2.8396297295730534e-06
allen,619.9993261974764,2.7823161916331783e-06
allen,620.9993251106981,2.6963387108650107e-06
allen,621.9993240239199,2.6557880147824606e-06
allen,622.9993229371416,2.650521949273062e-06
allen,623.9993218503633,2.7297322532490297e-06
allen,624.9993207635852,1.3751526609147731e-06
